,unnamed:_0,time,request
0,0,2023-04-22 09:00:00,19
1,1,2023-04-22 10:00:00,41
2,2,2023-04-22 11:00:00,28
3,3,2023-04-22 12:00:00,45
4,4,2023-04-22 13:00:00,46
5,5,2023-04-22 14:00:00,63
6,6,2023-04-22 15:00:00,61
7,7,2023-04-22 16:00:00,90
8,8,2023-04-22 17:00:00,68
9,9,2023-04-22 18:00:00,106
10,10,2023-04-22 19:00:00,96
11,11,2023-04-22 20:00:00,99
12,12,2023-04-22 21:00:00,98
13,13,2023-04-22 22:00:00,47
14,14,2023-04-22 23:00:00,40
15,15,2023-04-23 00:00:00,19
16,16,2023-04-23 01:00:00,13
17,17,2023-04-23 02:00:00,7
18,18,2023-04-23 03:00:00,3
19,19,2023-04-23 04:00:00,1
20,20,2023-04-23 05:00:00,1
21,21,2023-04-23 06:00:00,5
22,22,2023-04-23 07:00:00,25
23,23,2023-04-23 08:00:00,12
24,24,2023-04-23 09:00:00,31
25,25,2023-04-23 10:00:00,30
26,26,2023-04-23 11:00:00,28
27,27,2023-04-23 12:00:00,36
28,28,2023-04-23 13:00:00,59
29,29,2023-04-23 14:00:00,45
30,30,2023-04-23 15:00:00,86
31,31,2023-04-23 16:00:00,100
32,32,2023-04-23 17:00:00,68
33,33,2023-04-23 18:00:00,62
34,34,2023-04-23 19:00:00,65
35,35,2023-04-23 20:00:00,88
36,36,2023-04-23 21:00:00,68
37,37,2023-04-23 22:00:00,62
38,38,2023-04-23 23:00:00,26
39,39,2023-04-24 00:00:00,4
40,40,2023-04-24 01:00:00,1
41,41,2023-04-24 02:00:00,1
42,42,2023-04-24 03:00:00,0
43,43,2023-04-24 04:00:00,1
44,44,2023-04-24 05:00:00,7
45,45,2023-04-24 06:00:00,21
46,46,2023-04-24 07:00:00,18
47,47,2023-04-24 08:00:00,31
48,48,2023-04-24 09:00:00,29
49,49,2023-04-24 10:00:00,20
50,50,2023-04-24 11:00:00,22
51,51,2023-04-24 12:00:00,13
52,52,2023-04-24 13:00:00,17
53,53,2023-04-24 14:00:00,24
54,54,2023-04-24 15:00:00,27
55,55,2023-04-24 16:00:00,44
56,56,2023-04-24 17:00:00,91
57,57,2023-04-24 18:00:00,49
58,58,2023-04-24 19:00:00,73
59,59,2023-04-24 20:00:00,47
60,60,2023-04-24 21:00:00,38
61,61,2023-04-24 22:00:00,22
62,62,2023-04-24 23:00:00,18
63,63,2023-04-25 00:00:00,4
64,64,2023-04-25 01:00:00,1
65,65,2023-04-25 02:00:00,0
66,66,2023-04-25 03:00:00,0
67,67,2023-04-25 04:00:00,1
68,68,2023-04-25 05:00:00,5
69,69,2023-04-25 06:00:00,23
70,70,2023-04-25 07:00:00,32
71,71,2023-04-25 08:00:00,26
72,72,2023-04-25 09:00:00,29
73,73,2023-04-25 10:00:00,19
74,74,2023-04-25 11:00:00,21
75,75,2023-04-25 12:00:00,19
76,76,2023-04-25 13:00:00,24
77,77,2023-04-25 14:00:00,36
78,78,2023-04-25 15:00:00,28
79,79,2023-04-25 16:00:00,36
80,80,2023-04-25 17:00:00,75
81,81,2023-04-25 18:00:00,55
82,82,2023-04-25 19:00:00,40
83,83,2023-04-25 20:00:00,41
84,84,2023-04-25 21:00:00,28
85,85,2023-04-25 22:00:00,26
86,86,2023-04-25 23:00:00,12
87,87,2023-04-26 00:00:00,3
88,88,2023-04-26 01:00:00,1
89,89,2023-04-26 02:00:00,0
90,90,2023-04-26 03:00:00,0
91,91,2023-04-26 04:00:00,0
92,92,2023-04-26 05:00:00,7
93,93,2023-04-26 06:00:00,23
94,94,2023-04-26 07:00:00,34
95,95,2023-04-26 08:00:00,54
96,96,2023-04-26 09:00:00,26
97,97,2023-04-26 10:00:00,26
98,98,2023-04-26 11:00:00,25
99,99,2023-04-26 12:00:00,18
100,100,2023-04-26 13:00:00,23
101,101,2023-04-26 14:00:00,36
102,102,2023-04-26 15:00:00,25
103,103,2023-04-26 16:00:00,56
104,104,2023-04-26 17:00:00,49
105,105,2023-04-26 18:00:00,64
106,106,2023-04-26 19:00:00,63
107,107,2023-04-26 20:00:00,71
108,108,2023-04-26 21:00:00,40
109,109,2023-04-26 22:00:00,25
110,110,2023-04-26 23:00:00,18
111,111,2023-04-27 00:00:00,3
112,112,2023-04-27 01:00:00,1
113,113,2023-04-27 02:00:00,1
114,114,2023-04-27 03:00:00,0
115,115,2023-04-27 04:00:00,1
116,116,2023-04-27 05:00:00,6
117,117,2023-04-27 06:00:00,31
118,118,2023-04-27 07:00:00,33
119,119,2023-04-27 08:00:00,31
120,120,2023-04-27 09:00:00,41
121,121,2023-04-27 10:00:00,35
122,122,2023-04-27 11:00:00,32
123,123,2023-04-27 12:00:00,31
124,124,2023-04-27 13:00:00,34
125,125,2023-04-27 14:00:00,41
126,126,2023-04-27 15:00:00,73
127,127,2023-04-27 16:00:00,52
128,128,2023-04-27 17:00:00,55
129,129,2023-04-27 18:00:00,38
130,130,2023-04-27 19:00:00,54
131,131,2023-04-27 20:00:00,54
132,132,2023-04-27 21:00:00,39
133,133,2023-04-27 22:00:00,25
134,134,2023-04-27 23:00:00,16
135,135,2023-04-28 00:00:00,5
136,136,2023-04-28 01:00:00,1
137,137,2023-04-28 02:00:00,1
138,138,2023-04-28 03:00:00,0
139,139,2023-04-28 04:00:00,2
140,140,2023-04-28 05:00:00,6
141,141,2023-04-28 06:00:00,19
142,142,2023-04-28 07:00:00,20
143,143,2023-04-28 08:00:00,32
144,144,2023-04-28 09:00:00,27
145,145,2023-04-28 10:00:00,24
146,146,2023-04-28 11:00:00,18
147,147,2023-04-28 12:00:00,23
148,148,2023-04-28 13:00:00,24
149,149,2023-04-28 14:00:00,33
150,150,2023-04-28 15:00:00,48
151,151,2023-04-28 16:00:00,50
152,152,2023-04-28 17:00:00,50
153,153,2023-04-28 18:00:00,52
154,154,2023-04-28 19:00:00,101
155,155,2023-04-28 20:00:00,77
156,156,2023-04-28 21:00:00,73
157,157,2023-04-28 22:00:00,80
158,158,2023-04-28 23:00:00,47
159,159,2023-04-29 00:00:00,23
160,160,2023-04-29 01:00:00,14
161,161,2023-04-29 02:00:00,9
162,162,2023-04-29 03:00:00,5
163,163,2023-04-29 04:00:00,2
164,164,2023-04-29 05:00:00,3
165,165,2023-04-29 06:00:00,4
166,166,2023-04-29 07:00:00,14
167,167,2023-04-29 08:00:00,23
168,168,2023-04-29 09:00:00,32
169,169,2023-04-29 10:00:00,28
170,170,2023-04-29 11:00:00,32
171,171,2023-04-29 12:00:00,44
172,172,2023-04-29 13:00:00,53
173,173,2023-04-29 14:00:00,86
174,174,2023-04-29 15:00:00,64
175,175,2023-04-29 16:00:00,115
176,176,2023-04-29 17:00:00,74
177,177,2023-04-29 18:00:00,122
178,178,2023-04-29 19:00:00,58
179,179,2023-04-29 20:00:00,104
180,180,2023-04-29 21:00:00,70
181,181,2023-04-29 22:00:00,75
182,182,2023-04-29 23:00:00,27
183,183,2023-04-30 00:00:00,27
184,184,2023-04-30 01:00:00,15
185,185,2023-04-30 02:00:00,7
186,186,2023-04-30 03:00:00,4
187,187,2023-04-30 04:00:00,2
188,188,2023-04-30 05:00:00,2
189,189,2023-04-30 06:00:00,3
190,190,2023-04-30 07:00:00,23
191,191,2023-04-30 08:00:00,20
192,192,2023-04-30 09:00:00,25
193,193,2023-04-30 10:00:00,31
194,194,2023-04-30 11:00:00,24
195,195,2023-04-30 12:00:00,42
196,196,2023-04-30 13:00:00,52
197,197,2023-04-30 14:00:00,76
198,198,2023-04-30 15:00:00,89
199,199,2023-04-30 16:00:00,90
200,200,2023-04-30 17:00:00,101
201,201,2023-04-30 18:00:00,102
202,202,2023-04-30 19:00:00,69
203,203,2023-04-30 20:00:00,89
204,204,2023-04-30 21:00:00,76
205,205,2023-04-30 22:00:00,45
206,206,2023-04-30 23:00:00,37
207,207,2023-05-01 00:00:00,5
208,208,2023-05-01 01:00:00,1
209,209,2023-05-01 02:00:00,1
210,210,2023-05-01 03:00:00,0
211,211,2023-05-01 04:00:00,2
212,212,2023-05-01 05:00:00,9
213,213,2023-05-01 06:00:00,27
214,214,2023-05-01 07:00:00,22
215,215,2023-05-01 08:00:00,55
216,216,2023-05-01 09:00:00,41
217,217,2023-05-01 10:00:00,30
218,218,2023-05-01 11:00:00,29
219,219,2023-05-01 12:00:00,29
220,220,2023-05-01 13:00:00,37
221,221,2023-05-01 14:00:00,37
222,222,2023-05-01 15:00:00,35
223,223,2023-05-01 16:00:00,55
224,224,2023-05-01 17:00:00,80
225,225,2023-05-01 18:00:00,50
226,226,2023-05-01 19:00:00,65
227,227,2023-05-01 20:00:00,57
228,228,2023-05-01 21:00:00,54
229,229,2023-05-01 22:00:00,25
230,230,2023-05-01 23:00:00,17
231,231,2023-05-02 00:00:00,4
232,232,2023-05-02 01:00:00,1
233,233,2023-05-02 02:00:00,0
234,234,2023-05-02 03:00:00,0
235,235,2023-05-02 04:00:00,0
236,236,2023-05-02 05:00:00,7
237,237,2023-05-02 06:00:00,23
238,238,2023-05-02 07:00:00,27
239,239,2023-05-02 08:00:00,42
240,240,2023-05-02 09:00:00,35
241,241,2023-05-02 10:00:00,22
242,242,2023-05-02 11:00:00,26
243,243,2023-05-02 12:00:00,31
244,244,2023-05-02 13:00:00,30
245,245,2023-05-02 14:00:00,38
246,246,2023-05-02 15:00:00,43
247,247,2023-05-02 16:00:00,59
248,248,2023-05-02 17:00:00,68
249,249,2023-05-02 18:00:00,57
250,250,2023-05-02 19:00:00,78
251,251,2023-05-02 20:00:00,46
252,252,2023-05-02 21:00:00,45
253,253,2023-05-02 22:00:00,26
254,254,2023-05-02 23:00:00,13
255,255,2023-05-03 00:00:00,5
256,256,2023-05-03 01:00:00,1
257,257,2023-05-03 02:00:00,1
258,258,2023-05-03 03:00:00,0
259,259,2023-05-03 04:00:00,1
260,260,2023-05-03 05:00:00,6
261,261,2023-05-03 06:00:00,23
262,262,2023-05-03 07:00:00,36
263,263,2023-05-03 08:00:00,45
264,264,2023-05-03 09:00:00,29
265,265,2023-05-03 10:00:00,20
266,266,2023-05-03 11:00:00,27
267,267,2023-05-03 12:00:00,31
268,268,2023-05-03 13:00:00,27
269,269,2023-05-03 14:00:00,34
270,270,2023-05-03 15:00:00,57
271,271,2023-05-03 16:00:00,39
272,272,2023-05-03 17:00:00,60
273,273,2023-05-03 18:00:00,75
274,274,2023-05-03 19:00:00,76
275,275,2023-05-03 20:00:00,68
276,276,2023-05-03 21:00:00,55
277,277,2023-05-03 22:00:00,22
278,278,2023-05-03 23:00:00,13
279,279,2023-05-04 00:00:00,4
280,280,2023-05-04 01:00:00,1
281,281,2023-05-04 02:00:00,1
282,282,2023-05-04 03:00:00,0
283,283,2023-05-04 04:00:00,1
284,284,2023-05-04 05:00:00,9
285,285,2023-05-04 06:00:00,43
286,286,2023-05-04 07:00:00,32
287,287,2023-05-04 08:00:00,44
288,288,2023-05-04 09:00:00,41
289,289,2023-05-04 10:00:00,39
290,290,2023-05-04 11:00:00,45
291,291,2023-05-04 12:00:00,18
292,292,2023-05-04 13:00:00,51
293,293,2023-05-04 14:00:00,47
294,294,2023-05-04 15:00:00,38
295,295,2023-05-04 16:00:00,56
296,296,2023-05-04 17:00:00,49
297,297,2023-05-04 18:00:00,64
298,298,2023-05-04 19:00:00,40
299,299,2023-05-04 20:00:00,73
300,300,2023-05-04 21:00:00,35
301,301,2023-05-04 22:00:00,24
302,302,2023-05-04 23:00:00,18
303,303,2023-05-05 00:00:00,6
304,304,2023-05-05 01:00:00,1
305,305,2023-05-05 02:00:00,1
306,306,2023-05-05 03:00:00,0
307,307,2023-05-05 04:00:00,1
308,308,2023-05-05 05:00:00,10
309,309,2023-05-05 06:00:00,36
310,310,2023-05-05 07:00:00,31
311,311,2023-05-05 08:00:00,23
312,312,2023-05-05 09:00:00,31
313,313,2023-05-05 10:00:00,24
314,314,2023-05-05 11:00:00,21
315,315,2023-05-05 12:00:00,20
316,316,2023-05-05 13:00:00,29
317,317,2023-05-05 14:00:00,30
318,318,2023-05-05 15:00:00,32
319,319,2023-05-05 16:00:00,43
320,320,2023-05-05 17:00:00,73
321,321,2023-05-05 18:00:00,111
322,322,2023-05-05 19:00:00,63
323,323,2023-05-05 20:00:00,66
324,324,2023-05-05 21:00:00,67
325,325,2023-05-05 22:00:00,70
326,326,2023-05-05 23:00:00,25
327,327,2023-05-06 00:00:00,29
328,328,2023-05-06 01:00:00,14
329,329,2023-05-06 02:00:00,9
330,330,2023-05-06 03:00:00,3
331,331,2023-05-06 04:00:00,1
332,332,2023-05-06 05:00:00,2
333,333,2023-05-06 06:00:00,4
334,334,2023-05-06 07:00:00,18
335,335,2023-05-06 08:00:00,28
336,336,2023-05-06 09:00:00,21
337,337,2023-05-06 10:00:00,47
338,338,2023-05-06 11:00:00,45
339,339,2023-05-06 12:00:00,58
340,340,2023-05-06 13:00:00,57
341,341,2023-05-06 14:00:00,51
342,342,2023-05-06 15:00:00,75
343,343,2023-05-06 16:00:00,150
344,344,2023-05-06 17:00:00,72
345,345,2023-05-06 18:00:00,100
346,346,2023-05-06 19:00:00,103
347,347,2023-05-06 20:00:00,117
348,348,2023-05-06 21:00:00,93
349,349,2023-05-06 22:00:00,65
350,350,2023-05-06 23:00:00,47
351,351,2023-05-07 00:00:00,27
352,352,2023-05-07 01:00:00,11
353,353,2023-05-07 02:00:00,5
354,354,2023-05-07 03:00:00,3
355,355,2023-05-07 04:00:00,2
356,356,2023-05-07 05:00:00,1
357,357,2023-05-07 06:00:00,4
358,358,2023-05-07 07:00:00,13
359,359,2023-05-07 08:00:00,20
360,360,2023-05-07 09:00:00,32
361,361,2023-05-07 10:00:00,28
362,362,2023-05-07 11:00:00,35
363,363,2023-05-07 12:00:00,58
364,364,2023-05-07 13:00:00,41
365,365,2023-05-07 14:00:00,63
366,366,2023-05-07 15:00:00,71
367,367,2023-05-07 16:00:00,101
368,368,2023-05-07 17:00:00,109
369,369,2023-05-07 18:00:00,97
370,370,2023-05-07 19:00:00,70
371,371,2023-05-07 20:00:00,94
372,372,2023-05-07 21:00:00,63
373,373,2023-05-07 22:00:00,52
374,374,2023-05-07 23:00:00,39
375,375,2023-05-08 00:00:00,4
376,376,2023-05-08 01:00:00,1
377,377,2023-05-08 02:00:00,1
378,378,2023-05-08 03:00:00,0
379,379,2023-05-08 04:00:00,1
380,380,2023-05-08 05:00:00,9
381,381,2023-05-08 06:00:00,25
382,382,2023-05-08 07:00:00,38
383,383,2023-05-08 08:00:00,48
384,384,2023-05-08 09:00:00,32
385,385,2023-05-08 10:00:00,24
386,386,2023-05-08 11:00:00,27
387,387,2023-05-08 12:00:00,25
388,388,2023-05-08 13:00:00,29
389,389,2023-05-08 14:00:00,32
390,390,2023-05-08 15:00:00,39
391,391,2023-05-08 16:00:00,29
392,392,2023-05-08 17:00:00,39
393,393,2023-05-08 18:00:00,56
394,394,2023-05-08 19:00:00,67
395,395,2023-05-08 20:00:00,60
396,396,2023-05-08 21:00:00,52
397,397,2023-05-08 22:00:00,23
398,398,2023-05-08 23:00:00,14
399,399,2023-05-09 00:00:00,5
400,400,2023-05-09 01:00:00,1
401,401,2023-05-09 02:00:00,1
402,402,2023-05-09 03:00:00,0
403,403,2023-05-09 04:00:00,1
404,404,2023-05-09 05:00:00,5
405,405,2023-05-09 06:00:00,37
406,406,2023-05-09 07:00:00,29
407,407,2023-05-09 08:00:00,39
408,408,2023-05-09 09:00:00,36
409,409,2023-05-09 10:00:00,36
410,410,2023-05-09 11:00:00,22
411,411,2023-05-09 12:00:00,20
412,412,2023-05-09 13:00:00,32
413,413,2023-05-09 14:00:00,40
414,414,2023-05-09 15:00:00,28
415,415,2023-05-09 16:00:00,49
416,416,2023-05-09 17:00:00,39
417,417,2023-05-09 18:00:00,40
418,418,2023-05-09 19:00:00,38
419,419,2023-05-09 20:00:00,32
420,420,2023-05-09 21:00:00,23
421,421,2023-05-09 22:00:00,25
422,422,2023-05-09 23:00:00,10
423,423,2023-05-10 00:00:00,3
424,424,2023-05-10 01:00:00,2
425,425,2023-05-10 02:00:00,1
426,426,2023-05-10 03:00:00,0
427,427,2023-05-10 04:00:00,1
428,428,2023-05-10 05:00:00,8
429,429,2023-05-10 06:00:00,27
430,430,2023-05-10 07:00:00,43
431,431,2023-05-10 08:00:00,54
432,432,2023-05-10 09:00:00,37
433,433,2023-05-10 10:00:00,35
434,434,2023-05-10 11:00:00,18
435,435,2023-05-10 12:00:00,22
436,436,2023-05-10 13:00:00,16
437,437,2023-05-10 14:00:00,47
438,438,2023-05-10 15:00:00,58
439,439,2023-05-10 16:00:00,34
440,440,2023-05-10 17:00:00,36
441,441,2023-05-10 18:00:00,80
442,442,2023-05-10 19:00:00,87
443,443,2023-05-10 20:00:00,63
444,444,2023-05-10 21:00:00,50
445,445,2023-05-10 22:00:00,32
446,446,2023-05-10 23:00:00,23
447,447,2023-05-11 00:00:00,4
448,448,2023-05-11 01:00:00,1
449,449,2023-05-11 02:00:00,1
450,450,2023-05-11 03:00:00,0
451,451,2023-05-11 04:00:00,0
452,452,2023-05-11 05:00:00,9
453,453,2023-05-11 06:00:00,29
454,454,2023-05-11 07:00:00,39
455,455,2023-05-11 08:00:00,44
456,456,2023-05-11 09:00:00,36
457,457,2023-05-11 10:00:00,26
458,458,2023-05-11 11:00:00,17
459,459,2023-05-11 12:00:00,31
460,460,2023-05-11 13:00:00,19
461,461,2023-05-11 14:00:00,29
462,462,2023-05-11 15:00:00,33
463,463,2023-05-11 16:00:00,63
464,464,2023-05-11 17:00:00,54
465,465,2023-05-11 18:00:00,71
466,466,2023-05-11 19:00:00,60
467,467,2023-05-11 20:00:00,76
468,468,2023-05-11 21:00:00,26
469,469,2023-05-11 22:00:00,22
470,470,2023-05-11 23:00:00,20
471,471,2023-05-12 00:00:00,2
472,472,2023-05-12 01:00:00,1
473,473,2023-05-12 02:00:00,1
474,474,2023-05-12 03:00:00,0
475,475,2023-05-12 04:00:00,1
476,476,2023-05-12 05:00:00,7
477,477,2023-05-12 06:00:00,27
478,478,2023-05-12 07:00:00,41
479,479,2023-05-12 08:00:00,54
480,480,2023-05-12 09:00:00,40
481,481,2023-05-12 10:00:00,32
482,482,2023-05-12 11:00:00,29
483,483,2023-05-12 12:00:00,21
484,484,2023-05-12 13:00:00,30
485,485,2023-05-12 14:00:00,48
486,486,2023-05-12 15:00:00,49
487,487,2023-05-12 16:00:00,77
488,488,2023-05-12 17:00:00,64
489,489,2023-05-12 18:00:00,52
490,490,2023-05-12 19:00:00,83
491,491,2023-05-12 20:00:00,73
492,492,2023-05-12 21:00:00,67
493,493,2023-05-12 22:00:00,48
494,494,2023-05-12 23:00:00,46
495,495,2023-05-13 00:00:00,21
496,496,2023-05-13 01:00:00,16
497,497,2023-05-13 02:00:00,9
498,498,2023-05-13 03:00:00,2
499,499,2023-05-13 04:00:00,2
500,500,2023-05-13 05:00:00,2
501,501,2023-05-13 06:00:00,3
502,502,2023-05-13 07:00:00,16
503,503,2023-05-13 08:00:00,21
504,504,2023-05-13 09:00:00,17
505,505,2023-05-13 10:00:00,26
506,506,2023-05-13 11:00:00,46
507,507,2023-05-13 12:00:00,32
508,508,2023-05-13 13:00:00,63
509,509,2023-05-13 14:00:00,57
510,510,2023-05-13 15:00:00,55
511,511,2023-05-13 16:00:00,86
512,512,2023-05-13 17:00:00,73
513,513,2023-05-13 18:00:00,64
514,514,2023-05-13 19:00:00,74
515,515,2023-05-13 20:00:00,93
516,516,2023-05-13 21:00:00,93
517,517,2023-05-13 22:00:00,59
518,518,2023-05-13 23:00:00,44
519,519,2023-05-14 00:00:00,21
520,520,2023-05-14 01:00:00,9
521,521,2023-05-14 02:00:00,8
522,522,2023-05-14 03:00:00,3
523,523,2023-05-14 04:00:00,2
524,524,2023-05-14 05:00:00,2
525,525,2023-05-14 06:00:00,5
526,526,2023-05-14 07:00:00,18
527,527,2023-05-14 08:00:00,14
528,528,2023-05-14 09:00:00,20
529,529,2023-05-14 10:00:00,34
530,530,2023-05-14 11:00:00,32
531,531,2023-05-14 12:00:00,49
532,532,2023-05-14 13:00:00,70
533,533,2023-05-14 14:00:00,49
534,534,2023-05-14 15:00:00,62
535,535,2023-05-14 16:00:00,99
536,536,2023-05-14 17:00:00,100
537,537,2023-05-14 18:00:00,71
538,538,2023-05-14 19:00:00,101
539,539,2023-05-14 20:00:00,87
540,540,2023-05-14 21:00:00,53
541,541,2023-05-14 22:00:00,51
542,542,2023-05-14 23:00:00,38
543,543,2023-05-15 00:00:00,4
544,544,2023-05-15 01:00:00,1
545,545,2023-05-15 02:00:00,1
546,546,2023-05-15 03:00:00,0
547,547,2023-05-15 04:00:00,1
548,548,2023-05-15 05:00:00,8
549,549,2023-05-15 06:00:00,24
550,550,2023-05-15 07:00:00,35
551,551,2023-05-15 08:00:00,52
552,552,2023-05-15 09:00:00,45
553,553,2023-05-15 10:00:00,24
554,554,2023-05-15 11:00:00,22
555,555,2023-05-15 12:00:00,28
556,556,2023-05-15 13:00:00,40
557,557,2023-05-15 14:00:00,33
558,558,2023-05-15 15:00:00,31
559,559,2023-05-15 16:00:00,37
560,560,2023-05-15 17:00:00,31
561,561,2023-05-15 18:00:00,52
562,562,2023-05-15 19:00:00,67
563,563,2023-05-15 20:00:00,69
564,564,2023-05-15 21:00:00,48
565,565,2023-05-15 22:00:00,23
566,566,2023-05-15 23:00:00,21
567,567,2023-05-16 00:00:00,3
568,568,2023-05-16 01:00:00,1
569,569,2023-05-16 02:00:00,1
570,570,2023-05-16 03:00:00,0
571,571,2023-05-16 04:00:00,1
572,572,2023-05-16 05:00:00,7
573,573,2023-05-16 06:00:00,30
574,574,2023-05-16 07:00:00,24
575,575,2023-05-16 08:00:00,28
576,576,2023-05-16 09:00:00,31
577,577,2023-05-16 10:00:00,35
578,578,2023-05-16 11:00:00,33
579,579,2023-05-16 12:00:00,19
580,580,2023-05-16 13:00:00,24
581,581,2023-05-16 14:00:00,37
582,582,2023-05-16 15:00:00,30
583,583,2023-05-16 16:00:00,42
584,584,2023-05-16 17:00:00,55
585,585,2023-05-16 18:00:00,62
586,586,2023-05-16 19:00:00,64
587,587,2023-05-16 20:00:00,58
588,588,2023-05-16 21:00:00,54
589,589,2023-05-16 22:00:00,19
590,590,2023-05-16 23:00:00,23
591,591,2023-05-17 00:00:00,3
592,592,2023-05-17 01:00:00,1
593,593,2023-05-17 02:00:00,1
594,594,2023-05-17 03:00:00,0
595,595,2023-05-17 04:00:00,1
596,596,2023-05-17 05:00:00,6
597,597,2023-05-17 06:00:00,23
598,598,2023-05-17 07:00:00,36
599,599,2023-05-17 08:00:00,27
600,600,2023-05-17 09:00:00,36
601,601,2023-05-17 10:00:00,24
602,602,2023-05-17 11:00:00,25
603,603,2023-05-17 12:00:00,19
604,604,2023-05-17 13:00:00,19
605,605,2023-05-17 14:00:00,21
606,606,2023-05-17 15:00:00,41
607,607,2023-05-17 16:00:00,65
608,608,2023-05-17 17:00:00,45
609,609,2023-05-17 18:00:00,52
610,610,2023-05-17 19:00:00,95
611,611,2023-05-17 20:00:00,47
612,612,2023-05-17 21:00:00,29
613,613,2023-05-17 22:00:00,24
614,614,2023-05-17 23:00:00,12
615,615,2023-05-18 00:00:00,4
616,616,2023-05-18 01:00:00,0
617,617,2023-05-18 02:00:00,2
618,618,2023-05-18 03:00:00,0
619,619,2023-05-18 04:00:00,1
620,620,2023-05-18 05:00:00,11
621,621,2023-05-18 06:00:00,30
622,622,2023-05-18 07:00:00,22
623,623,2023-05-18 08:00:00,35
624,624,2023-05-18 09:00:00,32
625,625,2023-05-18 10:00:00,24
626,626,2023-05-18 11:00:00,28
627,627,2023-05-18 12:00:00,21
628,628,2023-05-18 13:00:00,35
629,629,2023-05-18 14:00:00,45
630,630,2023-05-18 15:00:00,40
631,631,2023-05-18 16:00:00,40
632,632,2023-05-18 17:00:00,39
633,633,2023-05-18 18:00:00,68
634,634,2023-05-18 19:00:00,53
635,635,2023-05-18 20:00:00,44
636,636,2023-05-18 21:00:00,36
637,637,2023-05-18 22:00:00,28
638,638,2023-05-18 23:00:00,12
639,639,2023-05-19 00:00:00,4
640,640,2023-05-19 01:00:00,1
641,641,2023-05-19 02:00:00,1
642,642,2023-05-19 03:00:00,0
643,643,2023-05-19 04:00:00,0
644,644,2023-05-19 05:00:00,9
645,645,2023-05-19 06:00:00,26
646,646,2023-05-19 07:00:00,40
647,647,2023-05-19 08:00:00,47
648,648,2023-05-19 09:00:00,31
649,649,2023-05-19 10:00:00,34
650,650,2023-05-19 11:00:00,25
651,651,2023-05-19 12:00:00,18
652,652,2023-05-19 13:00:00,27
653,653,2023-05-19 14:00:00,30
654,654,2023-05-19 15:00:00,49
655,655,2023-05-19 16:00:00,61
656,656,2023-05-19 17:00:00,61
657,657,2023-05-19 18:00:00,105
658,658,2023-05-19 19:00:00,75
659,659,2023-05-19 20:00:00,89
660,660,2023-05-19 21:00:00,74
661,661,2023-05-19 22:00:00,59
662,662,2023-05-19 23:00:00,32
663,663,2023-05-20 00:00:00,20
664,664,2023-05-20 01:00:00,14
665,665,2023-05-20 02:00:00,10
666,666,2023-05-20 03:00:00,2
667,667,2023-05-20 04:00:00,2
668,668,2023-05-20 05:00:00,2
669,669,2023-05-20 06:00:00,3
670,670,2023-05-20 07:00:00,14
671,671,2023-05-20 08:00:00,24
672,672,2023-05-20 09:00:00,23
673,673,2023-05-20 10:00:00,31
674,674,2023-05-20 11:00:00,38
675,675,2023-05-20 12:00:00,30
676,676,2023-05-20 13:00:00,72
677,677,2023-05-20 14:00:00,73
678,678,2023-05-20 15:00:00,83
679,679,2023-05-20 16:00:00,70
680,680,2023-05-20 17:00:00,73
681,681,2023-05-20 18:00:00,98
682,682,2023-05-20 19:00:00,106
683,683,2023-05-20 20:00:00,107
684,684,2023-05-20 21:00:00,82
685,685,2023-05-20 22:00:00,88
686,686,2023-05-20 23:00:00,48
687,687,2023-05-21 00:00:00,33
688,688,2023-05-21 01:00:00,17
689,689,2023-05-21 02:00:00,4
690,690,2023-05-21 03:00:00,4
691,691,2023-05-21 04:00:00,3
692,692,2023-05-21 05:00:00,2
693,693,2023-05-21 06:00:00,4
694,694,2023-05-21 07:00:00,11
695,695,2023-05-21 08:00:00,28
696,696,2023-05-21 09:00:00,28
697,697,2023-05-21 10:00:00,34
698,698,2023-05-21 11:00:00,36
699,699,2023-05-21 12:00:00,46
700,700,2023-05-21 13:00:00,61
701,701,2023-05-21 14:00:00,69
702,702,2023-05-21 15:00:00,97
703,703,2023-05-21 16:00:00,75
704,704,2023-05-21 17:00:00,150
705,705,2023-05-21 18:00:00,100
706,706,2023-05-21 19:00:00,115
707,707,2023-05-21 20:00:00,112
708,708,2023-05-21 21:00:00,68
709,709,2023-05-21 22:00:00,60
710,710,2023-05-21 23:00:00,37
711,711,2023-05-22 00:00:00,5
712,712,2023-05-22 01:00:00,2
713,713,2023-05-22 02:00:00,1
714,714,2023-05-22 03:00:00,1
715,715,2023-05-22 04:00:00,1
716,716,2023-05-22 05:00:00,8
717,717,2023-05-22 06:00:00,31
718,718,2023-05-22 07:00:00,40
719,719,2023-05-22 08:00:00,50
720,720,2023-05-22 09:00:00,43
721,721,2023-05-22 10:00:00,33
722,722,2023-05-22 11:00:00,38
723,723,2023-05-22 12:00:00,26
724,724,2023-05-22 13:00:00,37
725,725,2023-05-22 14:00:00,37
726,726,2023-05-22 15:00:00,43
727,727,2023-05-22 16:00:00,63
728,728,2023-05-22 17:00:00,49
729,729,2023-05-22 18:00:00,64
730,730,2023-05-22 19:00:00,60
731,731,2023-05-22 20:00:00,84
732,732,2023-05-22 21:00:00,39
733,733,2023-05-22 22:00:00,37
734,734,2023-05-22 23:00:00,21
735,735,2023-05-23 00:00:00,5
736,736,2023-05-23 01:00:00,2
737,737,2023-05-23 02:00:00,1
738,738,2023-05-23 03:00:00,0
739,739,2023-05-23 04:00:00,0
740,740,2023-05-23 05:00:00,11
741,741,2023-05-23 06:00:00,28
742,742,2023-05-23 07:00:00,32
743,743,2023-05-23 08:00:00,44
744,744,2023-05-23 09:00:00,37
745,745,2023-05-23 10:00:00,18
746,746,2023-05-23 11:00:00,24
747,747,2023-05-23 12:00:00,29
748,748,2023-05-23 13:00:00,26
749,749,2023-05-23 14:00:00,39
750,750,2023-05-23 15:00:00,43
751,751,2023-05-23 16:00:00,44
752,752,2023-05-23 17:00:00,66
753,753,2023-05-23 18:00:00,91
754,754,2023-05-23 19:00:00,51
755,755,2023-05-23 20:00:00,36
756,756,2023-05-23 21:00:00,49
757,757,2023-05-23 22:00:00,19
758,758,2023-05-23 23:00:00,17
759,759,2023-05-24 00:00:00,4
760,760,2023-05-24 01:00:00,1
761,761,2023-05-24 02:00:00,1
762,762,2023-05-24 03:00:00,0
763,763,2023-05-24 04:00:00,1
764,764,2023-05-24 05:00:00,8
765,765,2023-05-24 06:00:00,35
766,766,2023-05-24 07:00:00,47
767,767,2023-05-24 08:00:00,34
768,768,2023-05-24 09:00:00,30
769,769,2023-05-24 10:00:00,20
770,770,2023-05-24 11:00:00,22
771,771,2023-05-24 12:00:00,25
772,772,2023-05-24 13:00:00,19
773,773,2023-05-24 14:00:00,25
774,774,2023-05-24 15:00:00,60
775,775,2023-05-24 16:00:00,60
776,776,2023-05-24 17:00:00,72
777,777,2023-05-24 18:00:00,77
778,778,2023-05-24 19:00:00,71
779,779,2023-05-24 20:00:00,88
780,780,2023-05-24 21:00:00,55
781,781,2023-05-24 22:00:00,17
782,782,2023-05-24 23:00:00,9
783,783,2023-05-25 00:00:00,2
784,784,2023-05-25 01:00:00,2
785,785,2023-05-25 02:00:00,1
786,786,2023-05-25 03:00:00,0
787,787,2023-05-25 04:00:00,0
788,788,2023-05-25 05:00:00,8
789,789,2023-05-25 06:00:00,20
790,790,2023-05-25 07:00:00,38
791,791,2023-05-25 08:00:00,31
792,792,2023-05-25 09:00:00,40
793,793,2023-05-25 10:00:00,43
794,794,2023-05-25 11:00:00,21
795,795,2023-05-25 12:00:00,26
796,796,2023-05-25 13:00:00,38
797,797,2023-05-25 14:00:00,23
798,798,2023-05-25 15:00:00,54
799,799,2023-05-25 16:00:00,56
800,800,2023-05-25 17:00:00,71
801,801,2023-05-25 18:00:00,69
802,802,2023-05-25 19:00:00,75
803,803,2023-05-25 20:00:00,58
804,804,2023-05-25 21:00:00,24
805,805,2023-05-25 22:00:00,32
806,806,2023-05-25 23:00:00,15
807,807,2023-05-26 00:00:00,4
808,808,2023-05-26 01:00:00,1
809,809,2023-05-26 02:00:00,1
810,810,2023-05-26 03:00:00,0
811,811,2023-05-26 04:00:00,1
812,812,2023-05-26 05:00:00,12
813,813,2023-05-26 06:00:00,35
814,814,2023-05-26 07:00:00,40
815,815,2023-05-26 08:00:00,42
816,816,2023-05-26 09:00:00,42
817,817,2023-05-26 10:00:00,41
818,818,2023-05-26 11:00:00,29
819,819,2023-05-26 12:00:00,28
820,820,2023-05-26 13:00:00,32
821,821,2023-05-26 14:00:00,30
822,822,2023-05-26 15:00:00,38
823,823,2023-05-26 16:00:00,52
824,824,2023-05-26 17:00:00,78
825,825,2023-05-26 18:00:00,107
826,826,2023-05-26 19:00:00,60
827,827,2023-05-26 20:00:00,70
828,828,2023-05-26 21:00:00,76
829,829,2023-05-26 22:00:00,67
830,830,2023-05-26 23:00:00,37
831,831,2023-05-27 00:00:00,27
832,832,2023-05-27 01:00:00,12
833,833,2023-05-27 02:00:00,14
834,834,2023-05-27 03:00:00,3
835,835,2023-05-27 04:00:00,1
836,836,2023-05-27 05:00:00,3
837,837,2023-05-27 06:00:00,5
838,838,2023-05-27 07:00:00,17
839,839,2023-05-27 08:00:00,32
840,840,2023-05-27 09:00:00,31
841,841,2023-05-27 10:00:00,47
842,842,2023-05-27 11:00:00,40
843,843,2023-05-27 12:00:00,62
844,844,2023-05-27 13:00:00,58
845,845,2023-05-27 14:00:00,97
846,846,2023-05-27 15:00:00,152
847,847,2023-05-27 16:00:00,125
848,848,2023-05-27 17:00:00,61
849,849,2023-05-27 18:00:00,94
850,850,2023-05-27 19:00:00,106
851,851,2023-05-27 20:00:00,88
852,852,2023-05-27 21:00:00,90
853,853,2023-05-27 22:00:00,94
854,854,2023-05-27 23:00:00,48
855,855,2023-05-28 00:00:00,26
856,856,2023-05-28 01:00:00,11
857,857,2023-05-28 02:00:00,11
858,858,2023-05-28 03:00:00,3
859,859,2023-05-28 04:00:00,2
860,860,2023-05-28 05:00:00,2
861,861,2023-05-28 06:00:00,5
862,862,2023-05-28 07:00:00,16
863,863,2023-05-28 08:00:00,25
864,864,2023-05-28 09:00:00,25
865,865,2023-05-28 10:00:00,48
866,866,2023-05-28 11:00:00,56
867,867,2023-05-28 12:00:00,30
868,868,2023-05-28 13:00:00,54
869,869,2023-05-28 14:00:00,83
870,870,2023-05-28 15:00:00,100
871,871,2023-05-28 16:00:00,116
872,872,2023-05-28 17:00:00,136
873,873,2023-05-28 18:00:00,75
874,874,2023-05-28 19:00:00,92
875,875,2023-05-28 20:00:00,113
876,876,2023-05-28 21:00:00,93
877,877,2023-05-28 22:00:00,63
878,878,2023-05-28 23:00:00,40
879,879,2023-05-29 00:00:00,5
880,880,2023-05-29 01:00:00,0
881,881,2023-05-29 02:00:00,1
882,882,2023-05-29 03:00:00,0
883,883,2023-05-29 04:00:00,1
884,884,2023-05-29 05:00:00,12
885,885,2023-05-29 06:00:00,36
886,886,2023-05-29 07:00:00,59
887,887,2023-05-29 08:00:00,65
888,888,2023-05-29 09:00:00,43
889,889,2023-05-29 10:00:00,35
890,890,2023-05-29 11:00:00,27
891,891,2023-05-29 12:00:00,29
892,892,2023-05-29 13:00:00,30
893,893,2023-05-29 14:00:00,30
894,894,2023-05-29 15:00:00,55
895,895,2023-05-29 16:00:00,69
896,896,2023-05-29 17:00:00,51
897,897,2023-05-29 18:00:00,72
898,898,2023-05-29 19:00:00,59
899,899,2023-05-29 20:00:00,63
900,900,2023-05-29 21:00:00,42
901,901,2023-05-29 22:00:00,35
902,902,2023-05-29 23:00:00,18
903,903,2023-05-30 00:00:00,3
904,904,2023-05-30 01:00:00,0
905,905,2023-05-30 02:00:00,1
906,906,2023-05-30 03:00:00,0
907,907,2023-05-30 04:00:00,2
908,908,2023-05-30 05:00:00,9
909,909,2023-05-30 06:00:00,29
910,910,2023-05-30 07:00:00,31
911,911,2023-05-30 08:00:00,53
912,912,2023-05-30 09:00:00,32
913,913,2023-05-30 10:00:00,28
914,914,2023-05-30 11:00:00,23
915,915,2023-05-30 12:00:00,32
916,916,2023-05-30 13:00:00,40
917,917,2023-05-30 14:00:00,30
918,918,2023-05-30 15:00:00,44
919,919,2023-05-30 16:00:00,38
920,920,2023-05-30 17:00:00,71
921,921,2023-05-30 18:00:00,57
922,922,2023-05-30 19:00:00,54
923,923,2023-05-30 20:00:00,72
924,924,2023-05-30 21:00:00,49
925,925,2023-05-30 22:00:00,35
926,926,2023-05-30 23:00:00,15
927,927,2023-05-31 00:00:00,5
928,928,2023-05-31 01:00:00,1
929,929,2023-05-31 02:00:00,1
930,930,2023-05-31 03:00:00,0
931,931,2023-05-31 04:00:00,2
932,932,2023-05-31 05:00:00,8
933,933,2023-05-31 06:00:00,37
934,934,2023-05-31 07:00:00,43
935,935,2023-05-31 08:00:00,26
936,936,2023-05-31 09:00:00,40
937,937,2023-05-31 10:00:00,37
938,938,2023-05-31 11:00:00,29
939,939,2023-05-31 12:00:00,25
940,940,2023-05-31 13:00:00,30
941,941,2023-05-31 14:00:00,38
942,942,2023-05-31 15:00:00,41
943,943,2023-05-31 16:00:00,62
944,944,2023-05-31 17:00:00,45
945,945,2023-05-31 18:00:00,87
946,946,2023-05-31 19:00:00,78
947,947,2023-05-31 20:00:00,69
948,948,2023-05-31 21:00:00,30
949,949,2023-05-31 22:00:00,28
950,950,2023-05-31 23:00:00,20
951,951,2023-06-01 00:00:00,3
952,952,2023-06-01 01:00:00,0
953,953,2023-06-01 02:00:00,1
954,954,2023-06-01 03:00:00,0
955,955,2023-06-01 04:00:00,1
956,956,2023-06-01 05:00:00,11
957,957,2023-06-01 06:00:00,27
958,958,2023-06-01 07:00:00,29
959,959,2023-06-01 08:00:00,64
960,960,2023-06-01 09:00:00,53
961,961,2023-06-01 10:00:00,33
962,962,2023-06-01 11:00:00,17
963,963,2023-06-01 12:00:00,36
964,964,2023-06-01 13:00:00,42
965,965,2023-06-01 14:00:00,43
966,966,2023-06-01 15:00:00,50
967,967,2023-06-01 16:00:00,59
968,968,2023-06-01 17:00:00,57
969,969,2023-06-01 18:00:00,94
970,970,2023-06-01 19:00:00,105
971,971,2023-06-01 20:00:00,67
972,972,2023-06-01 21:00:00,58
973,973,2023-06-01 22:00:00,32
974,974,2023-06-01 23:00:00,22
975,975,2023-06-02 00:00:00,5
976,976,2023-06-02 01:00:00,0
977,977,2023-06-02 02:00:00,2
978,978,2023-06-02 03:00:00,0
979,979,2023-06-02 04:00:00,1
980,980,2023-06-02 05:00:00,10
981,981,2023-06-02 06:00:00,22
982,982,2023-06-02 07:00:00,61
983,983,2023-06-02 08:00:00,29
984,984,2023-06-02 09:00:00,52
985,985,2023-06-02 10:00:00,33
986,986,2023-06-02 11:00:00,29
987,987,2023-06-02 12:00:00,37
988,988,2023-06-02 13:00:00,42
989,989,2023-06-02 14:00:00,34
990,990,2023-06-02 15:00:00,45
991,991,2023-06-02 16:00:00,49
992,992,2023-06-02 17:00:00,92
993,993,2023-06-02 18:00:00,97
994,994,2023-06-02 19:00:00,89
995,995,2023-06-02 20:00:00,79
996,996,2023-06-02 21:00:00,89
997,997,2023-06-02 22:00:00,76
998,998,2023-06-02 23:00:00,33
999,999,2023-06-03 00:00:00,29
1000,1000,2023-06-03 01:00:00,14
1001,1001,2023-06-03 02:00:00,12
1002,1002,2023-06-03 03:00:00,3
1003,1003,2023-06-03 04:00:00,2
1004,1004,2023-06-03 05:00:00,3
1005,1005,2023-06-03 06:00:00,5
1006,1006,2023-06-03 07:00:00,18
1007,1007,2023-06-03 08:00:00,20
1008,1008,2023-06-03 09:00:00,30
1009,1009,2023-06-03 10:00:00,42
1010,1010,2023-06-03 11:00:00,48
1011,1011,2023-06-03 12:00:00,63
1012,1012,2023-06-03 13:00:00,49
1013,1013,2023-06-03 14:00:00,86
1014,1014,2023-06-03 15:00:00,90
1015,1015,2023-06-03 16:00:00,78
1016,1016,2023-06-03 17:00:00,90
1017,1017,2023-06-03 18:00:00,115
1018,1018,2023-06-03 19:00:00,107
1019,1019,2023-06-03 20:00:00,128
1020,1020,2023-06-03 21:00:00,46
1021,1021,2023-06-03 22:00:00,84
1022,1022,2023-06-03 23:00:00,48
1023,1023,2023-06-04 00:00:00,27
1024,1024,2023-06-04 01:00:00,12
1025,1025,2023-06-04 02:00:00,14
1026,1026,2023-06-04 03:00:00,3
1027,1027,2023-06-04 04:00:00,1
1028,1028,2023-06-04 05:00:00,1
1029,1029,2023-06-04 06:00:00,6
1030,1030,2023-06-04 07:00:00,26
1031,1031,2023-06-04 08:00:00,29
1032,1032,2023-06-04 09:00:00,38
1033,1033,2023-06-04 10:00:00,42
1034,1034,2023-06-04 11:00:00,47
1035,1035,2023-06-04 12:00:00,56
1036,1036,2023-06-04 13:00:00,56
1037,1037,2023-06-04 14:00:00,95
1038,1038,2023-06-04 15:00:00,106
1039,1039,2023-06-04 16:00:00,99
1040,1040,2023-06-04 17:00:00,118
1041,1041,2023-06-04 18:00:00,97
1042,1042,2023-06-04 19:00:00,124
1043,1043,2023-06-04 20:00:00,91
1044,1044,2023-06-04 21:00:00,77
1045,1045,2023-06-04 22:00:00,90
1046,1046,2023-06-04 23:00:00,19
1047,1047,2023-06-05 00:00:00,4
1048,1048,2023-06-05 01:00:00,1
1049,1049,2023-06-05 02:00:00,1
1050,1050,2023-06-05 03:00:00,0
1051,1051,2023-06-05 04:00:00,0
1052,1052,2023-06-05 05:00:00,12
1053,1053,2023-06-05 06:00:00,39
1054,1054,2023-06-05 07:00:00,43
1055,1055,2023-06-05 08:00:00,70
1056,1056,2023-06-05 09:00:00,63
1057,1057,2023-06-05 10:00:00,51
1058,1058,2023-06-05 11:00:00,35
1059,1059,2023-06-05 12:00:00,28
1060,1060,2023-06-05 13:00:00,32
1061,1061,2023-06-05 14:00:00,54
1062,1062,2023-06-05 15:00:00,37
1063,1063,2023-06-05 16:00:00,54
1064,1064,2023-06-05 17:00:00,79
1065,1065,2023-06-05 18:00:00,65
1066,1066,2023-06-05 19:00:00,71
1067,1067,2023-06-05 20:00:00,70
1068,1068,2023-06-05 21:00:00,30
1069,1069,2023-06-05 22:00:00,23
1070,1070,2023-06-05 23:00:00,19
1071,1071,2023-06-06 00:00:00,4
1072,1072,2023-06-06 01:00:00,1
1073,1073,2023-06-06 02:00:00,1
1074,1074,2023-06-06 03:00:00,0
1075,1075,2023-06-06 04:00:00,1
1076,1076,2023-06-06 05:00:00,12
1077,1077,2023-06-06 06:00:00,31
1078,1078,2023-06-06 07:00:00,35
1079,1079,2023-06-06 08:00:00,56
1080,1080,2023-06-06 09:00:00,58
1081,1081,2023-06-06 10:00:00,34
1082,1082,2023-06-06 11:00:00,40
1083,1083,2023-06-06 12:00:00,39
1084,1084,2023-06-06 13:00:00,29
1085,1085,2023-06-06 14:00:00,29
1086,1086,2023-06-06 15:00:00,41
1087,1087,2023-06-06 16:00:00,80
1088,1088,2023-06-06 17:00:00,68
1089,1089,2023-06-06 18:00:00,76
1090,1090,2023-06-06 19:00:00,120
1091,1091,2023-06-06 20:00:00,47
1092,1092,2023-06-06 21:00:00,52
1093,1093,2023-06-06 22:00:00,21
1094,1094,2023-06-06 23:00:00,17
1095,1095,2023-06-07 00:00:00,4
1096,1096,2023-06-07 01:00:00,1
1097,1097,2023-06-07 02:00:00,2
1098,1098,2023-06-07 03:00:00,0
1099,1099,2023-06-07 04:00:00,1
1100,1100,2023-06-07 05:00:00,10
1101,1101,2023-06-07 06:00:00,30
1102,1102,2023-06-07 07:00:00,24
1103,1103,2023-06-07 08:00:00,36
1104,1104,2023-06-07 09:00:00,53
1105,1105,2023-06-07 10:00:00,47
1106,1106,2023-06-07 11:00:00,35
1107,1107,2023-06-07 12:00:00,43
1108,1108,2023-06-07 13:00:00,39
1109,1109,2023-06-07 14:00:00,45
1110,1110,2023-06-07 15:00:00,46
1111,1111,2023-06-07 16:00:00,70
1112,1112,2023-06-07 17:00:00,70
1113,1113,2023-06-07 18:00:00,81
1114,1114,2023-06-07 19:00:00,121
1115,1115,2023-06-07 20:00:00,68
1116,1116,2023-06-07 21:00:00,46
1117,1117,2023-06-07 22:00:00,37
1118,1118,2023-06-07 23:00:00,15
1119,1119,2023-06-08 00:00:00,4
1120,1120,2023-06-08 01:00:00,1
1121,1121,2023-06-08 02:00:00,1
1122,1122,2023-06-08 03:00:00,0
1123,1123,2023-06-08 04:00:00,1
1124,1124,2023-06-08 05:00:00,13
1125,1125,2023-06-08 06:00:00,37
1126,1126,2023-06-08 07:00:00,33
1127,1127,2023-06-08 08:00:00,46
1128,1128,2023-06-08 09:00:00,42
1129,1129,2023-06-08 10:00:00,42
1130,1130,2023-06-08 11:00:00,26
1131,1131,2023-06-08 12:00:00,35
1132,1132,2023-06-08 13:00:00,34
1133,1133,2023-06-08 14:00:00,33
1134,1134,2023-06-08 15:00:00,50
1135,1135,2023-06-08 16:00:00,55
1136,1136,2023-06-08 17:00:00,55
1137,1137,2023-06-08 18:00:00,56
1138,1138,2023-06-08 19:00:00,82
1139,1139,2023-06-08 20:00:00,60
1140,1140,2023-06-08 21:00:00,62
1141,1141,2023-06-08 22:00:00,27
1142,1142,2023-06-08 23:00:00,28
1143,1143,2023-06-09 00:00:00,5
1144,1144,2023-06-09 01:00:00,1
1145,1145,2023-06-09 02:00:00,1
1146,1146,2023-06-09 03:00:00,0
1147,1147,2023-06-09 04:00:00,1
1148,1148,2023-06-09 05:00:00,12
1149,1149,2023-06-09 06:00:00,37
1150,1150,2023-06-09 07:00:00,50
1151,1151,2023-06-09 08:00:00,44
1152,1152,2023-06-09 09:00:00,50
1153,1153,2023-06-09 10:00:00,32
1154,1154,2023-06-09 11:00:00,25
1155,1155,2023-06-09 12:00:00,47
1156,1156,2023-06-09 13:00:00,39
1157,1157,2023-06-09 14:00:00,49
1158,1158,2023-06-09 15:00:00,46
1159,1159,2023-06-09 16:00:00,68
1160,1160,2023-06-09 17:00:00,79
1161,1161,2023-06-09 18:00:00,116
1162,1162,2023-06-09 19:00:00,85
1163,1163,2023-06-09 20:00:00,91
1164,1164,2023-06-09 21:00:00,64
1165,1165,2023-06-09 22:00:00,68
1166,1166,2023-06-09 23:00:00,37
1167,1167,2023-06-10 00:00:00,16
1168,1168,2023-06-10 01:00:00,11
1169,1169,2023-06-10 02:00:00,10
1170,1170,2023-06-10 03:00:00,4
1171,1171,2023-06-10 04:00:00,2
1172,1172,2023-06-10 05:00:00,2
1173,1173,2023-06-10 06:00:00,4
1174,1174,2023-06-10 07:00:00,25
1175,1175,2023-06-10 08:00:00,26
1176,1176,2023-06-10 09:00:00,42
1177,1177,2023-06-10 10:00:00,56
1178,1178,2023-06-10 11:00:00,48
1179,1179,2023-06-10 12:00:00,42
1180,1180,2023-06-10 13:00:00,57
1181,1181,2023-06-10 14:00:00,91
1182,1182,2023-06-10 15:00:00,110
1183,1183,2023-06-10 16:00:00,99
1184,1184,2023-06-10 17:00:00,96
1185,1185,2023-06-10 18:00:00,93
1186,1186,2023-06-10 19:00:00,99
1187,1187,2023-06-10 20:00:00,85
1188,1188,2023-06-10 21:00:00,99
1189,1189,2023-06-10 22:00:00,95
1190,1190,2023-06-10 23:00:00,40
1191,1191,2023-06-11 00:00:00,28
1192,1192,2023-06-11 01:00:00,6
1193,1193,2023-06-11 02:00:00,10
1194,1194,2023-06-11 03:00:00,4
1195,1195,2023-06-11 04:00:00,1
1196,1196,2023-06-11 05:00:00,2
1197,1197,2023-06-11 06:00:00,6
1198,1198,2023-06-11 07:00:00,25
1199,1199,2023-06-11 08:00:00,35
1200,1200,2023-06-11 09:00:00,36
1201,1201,2023-06-11 10:00:00,33
1202,1202,2023-06-11 11:00:00,28
1203,1203,2023-06-11 12:00:00,44
1204,1204,2023-06-11 13:00:00,45
1205,1205,2023-06-11 14:00:00,71
1206,1206,2023-06-11 15:00:00,96
1207,1207,2023-06-11 16:00:00,88
1208,1208,2023-06-11 17:00:00,78
1209,1209,2023-06-11 18:00:00,130
1210,1210,2023-06-11 19:00:00,116
1211,1211,2023-06-11 20:00:00,94
1212,1212,2023-06-11 21:00:00,85
1213,1213,2023-06-11 22:00:00,80
1214,1214,2023-06-11 23:00:00,36
1215,1215,2023-06-12 00:00:00,4
1216,1216,2023-06-12 01:00:00,1
1217,1217,2023-06-12 02:00:00,1
1218,1218,2023-06-12 03:00:00,0
1219,1219,2023-06-12 04:00:00,1
1220,1220,2023-06-12 05:00:00,8
1221,1221,2023-06-12 06:00:00,40
1222,1222,2023-06-12 07:00:00,49
1223,1223,2023-06-12 08:00:00,66
1224,1224,2023-06-12 09:00:00,66
1225,1225,2023-06-12 10:00:00,44
1226,1226,2023-06-12 11:00:00,34
1227,1227,2023-06-12 12:00:00,39
1228,1228,2023-06-12 13:00:00,40
1229,1229,2023-06-12 14:00:00,35
1230,1230,2023-06-12 15:00:00,60
1231,1231,2023-06-12 16:00:00,45
1232,1232,2023-06-12 17:00:00,29
1233,1233,2023-06-12 18:00:00,55
1234,1234,2023-06-12 19:00:00,85
1235,1235,2023-06-12 20:00:00,80
1236,1236,2023-06-12 21:00:00,66
1237,1237,2023-06-12 22:00:00,34
1238,1238,2023-06-12 23:00:00,13
1239,1239,2023-06-13 00:00:00,3
1240,1240,2023-06-13 01:00:00,1
1241,1241,2023-06-13 02:00:00,1
1242,1242,2023-06-13 03:00:00,0
1243,1243,2023-06-13 04:00:00,1
1244,1244,2023-06-13 05:00:00,12
1245,1245,2023-06-13 06:00:00,17
1246,1246,2023-06-13 07:00:00,48
1247,1247,2023-06-13 08:00:00,61
1248,1248,2023-06-13 09:00:00,41
1249,1249,2023-06-13 10:00:00,37
1250,1250,2023-06-13 11:00:00,29
1251,1251,2023-06-13 12:00:00,27
1252,1252,2023-06-13 13:00:00,44
1253,1253,2023-06-13 14:00:00,41
1254,1254,2023-06-13 15:00:00,71
1255,1255,2023-06-13 16:00:00,74
1256,1256,2023-06-13 17:00:00,71
1257,1257,2023-06-13 18:00:00,69
1258,1258,2023-06-13 19:00:00,77
1259,1259,2023-06-13 20:00:00,78
1260,1260,2023-06-13 21:00:00,37
1261,1261,2023-06-13 22:00:00,17
1262,1262,2023-06-13 23:00:00,21
1263,1263,2023-06-14 00:00:00,4
1264,1264,2023-06-14 01:00:00,1
1265,1265,2023-06-14 02:00:00,1
1266,1266,2023-06-14 03:00:00,0
1267,1267,2023-06-14 04:00:00,1
1268,1268,2023-06-14 05:00:00,7
1269,1269,2023-06-14 06:00:00,24
1270,1270,2023-06-14 07:00:00,55
1271,1271,2023-06-14 08:00:00,54
1272,1272,2023-06-14 09:00:00,36
1273,1273,2023-06-14 10:00:00,39
1274,1274,2023-06-14 11:00:00,31
1275,1275,2023-06-14 12:00:00,29
1276,1276,2023-06-14 13:00:00,30
1277,1277,2023-06-14 14:00:00,30
1278,1278,2023-06-14 15:00:00,45
1279,1279,2023-06-14 16:00:00,87
1280,1280,2023-06-14 17:00:00,49
1281,1281,2023-06-14 18:00:00,70
1282,1282,2023-06-14 19:00:00,97
1283,1283,2023-06-14 20:00:00,68
1284,1284,2023-06-14 21:00:00,48
1285,1285,2023-06-14 22:00:00,39
1286,1286,2023-06-14 23:00:00,20
1287,1287,2023-06-15 00:00:00,5
1288,1288,2023-06-15 01:00:00,1
1289,1289,2023-06-15 02:00:00,1
1290,1290,2023-06-15 03:00:00,0
1291,1291,2023-06-15 04:00:00,1
1292,1292,2023-06-15 05:00:00,11
1293,1293,2023-06-15 06:00:00,42
1294,1294,2023-06-15 07:00:00,43
1295,1295,2023-06-15 08:00:00,41
1296,1296,2023-06-15 09:00:00,40
1297,1297,2023-06-15 10:00:00,30
1298,1298,2023-06-15 11:00:00,28
1299,1299,2023-06-15 12:00:00,27
1300,1300,2023-06-15 13:00:00,29
1301,1301,2023-06-15 14:00:00,32
1302,1302,2023-06-15 15:00:00,52
1303,1303,2023-06-15 16:00:00,47
1304,1304,2023-06-15 17:00:00,73
1305,1305,2023-06-15 18:00:00,82
1306,1306,2023-06-15 19:00:00,84
1307,1307,2023-06-15 20:00:00,71
1308,1308,2023-06-15 21:00:00,63
1309,1309,2023-06-15 22:00:00,23
1310,1310,2023-06-15 23:00:00,27
1311,1311,2023-06-16 00:00:00,4
1312,1312,2023-06-16 01:00:00,1
1313,1313,2023-06-16 02:00:00,0
1314,1314,2023-06-16 03:00:00,0
1315,1315,2023-06-16 04:00:00,0
1316,1316,2023-06-16 05:00:00,6
1317,1317,2023-06-16 06:00:00,36
1318,1318,2023-06-16 07:00:00,34
1319,1319,2023-06-16 08:00:00,34
1320,1320,2023-06-16 09:00:00,35
1321,1321,2023-06-16 10:00:00,53
1322,1322,2023-06-16 11:00:00,27
1323,1323,2023-06-16 12:00:00,35
1324,1324,2023-06-16 13:00:00,30
1325,1325,2023-06-16 14:00:00,43
1326,1326,2023-06-16 15:00:00,55
1327,1327,2023-06-16 16:00:00,72
1328,1328,2023-06-16 17:00:00,88
1329,1329,2023-06-16 18:00:00,104
1330,1330,2023-06-16 19:00:00,131
1331,1331,2023-06-16 20:00:00,83
1332,1332,2023-06-16 21:00:00,71
1333,1333,2023-06-16 22:00:00,79
1334,1334,2023-06-16 23:00:00,35
1335,1335,2023-06-17 00:00:00,30
1336,1336,2023-06-17 01:00:00,14
1337,1337,2023-06-17 02:00:00,8
1338,1338,2023-06-17 03:00:00,3
1339,1339,2023-06-17 04:00:00,2
1340,1340,2023-06-17 05:00:00,3
1341,1341,2023-06-17 06:00:00,5
1342,1342,2023-06-17 07:00:00,22
1343,1343,2023-06-17 08:00:00,27
1344,1344,2023-06-17 09:00:00,36
1345,1345,2023-06-17 10:00:00,36
1346,1346,2023-06-17 11:00:00,43
1347,1347,2023-06-17 12:00:00,50
1348,1348,2023-06-17 13:00:00,49
1349,1349,2023-06-17 14:00:00,88
1350,1350,2023-06-17 15:00:00,75
1351,1351,2023-06-17 16:00:00,120
1352,1352,2023-06-17 17:00:00,75
1353,1353,2023-06-17 18:00:00,100
1354,1354,2023-06-17 19:00:00,103
1355,1355,2023-06-17 20:00:00,88
1356,1356,2023-06-17 21:00:00,106
1357,1357,2023-06-17 22:00:00,91
1358,1358,2023-06-17 23:00:00,38
1359,1359,2023-06-18 00:00:00,24
1360,1360,2023-06-18 01:00:00,11
1361,1361,2023-06-18 02:00:00,9
1362,1362,2023-06-18 03:00:00,2
1363,1363,2023-06-18 04:00:00,2
1364,1364,2023-06-18 05:00:00,2
1365,1365,2023-06-18 06:00:00,3
1366,1366,2023-06-18 07:00:00,19
1367,1367,2023-06-18 08:00:00,40
1368,1368,2023-06-18 09:00:00,24
1369,1369,2023-06-18 10:00:00,36
1370,1370,2023-06-18 11:00:00,48
1371,1371,2023-06-18 12:00:00,60
1372,1372,2023-06-18 13:00:00,74
1373,1373,2023-06-18 14:00:00,85
1374,1374,2023-06-18 15:00:00,93
1375,1375,2023-06-18 16:00:00,100
1376,1376,2023-06-18 17:00:00,106
1377,1377,2023-06-18 18:00:00,103
1378,1378,2023-06-18 19:00:00,88
1379,1379,2023-06-18 20:00:00,110
1380,1380,2023-06-18 21:00:00,91
1381,1381,2023-06-18 22:00:00,58
1382,1382,2023-06-18 23:00:00,41
1383,1383,2023-06-19 00:00:00,3
1384,1384,2023-06-19 01:00:00,1
1385,1385,2023-06-19 02:00:00,1
1386,1386,2023-06-19 03:00:00,0
1387,1387,2023-06-19 04:00:00,1
1388,1388,2023-06-19 05:00:00,8
1389,1389,2023-06-19 06:00:00,35
1390,1390,2023-06-19 07:00:00,32
1391,1391,2023-06-19 08:00:00,60
1392,1392,2023-06-19 09:00:00,45
1393,1393,2023-06-19 10:00:00,38
1394,1394,2023-06-19 11:00:00,29
1395,1395,2023-06-19 12:00:00,28
1396,1396,2023-06-19 13:00:00,35
1397,1397,2023-06-19 14:00:00,50
1398,1398,2023-06-19 15:00:00,60
1399,1399,2023-06-19 16:00:00,54
1400,1400,2023-06-19 17:00:00,77
1401,1401,2023-06-19 18:00:00,61
1402,1402,2023-06-19 19:00:00,97
1403,1403,2023-06-19 20:00:00,81
1404,1404,2023-06-19 21:00:00,41
1405,1405,2023-06-19 22:00:00,23
1406,1406,2023-06-19 23:00:00,13
1407,1407,2023-06-20 00:00:00,4
1408,1408,2023-06-20 01:00:00,2
1409,1409,2023-06-20 02:00:00,1
1410,1410,2023-06-20 03:00:00,0
1411,1411,2023-06-20 04:00:00,1
1412,1412,2023-06-20 05:00:00,11
1413,1413,2023-06-20 06:00:00,31
1414,1414,2023-06-20 07:00:00,48
1415,1415,2023-06-20 08:00:00,44
1416,1416,2023-06-20 09:00:00,31
1417,1417,2023-06-20 10:00:00,30
1418,1418,2023-06-20 11:00:00,34
1419,1419,2023-06-20 12:00:00,41
1420,1420,2023-06-20 13:00:00,34
1421,1421,2023-06-20 14:00:00,59
1422,1422,2023-06-20 15:00:00,35
1423,1423,2023-06-20 16:00:00,57
1424,1424,2023-06-20 17:00:00,45
1425,1425,2023-06-20 18:00:00,36
1426,1426,2023-06-20 19:00:00,52
1427,1427,2023-06-20 20:00:00,61
1428,1428,2023-06-20 21:00:00,51
1429,1429,2023-06-20 22:00:00,37
1430,1430,2023-06-20 23:00:00,22
1431,1431,2023-06-21 00:00:00,4
1432,1432,2023-06-21 01:00:00,1
1433,1433,2023-06-21 02:00:00,1
1434,1434,2023-06-21 03:00:00,0
1435,1435,2023-06-21 04:00:00,1
1436,1436,2023-06-21 05:00:00,5
1437,1437,2023-06-21 06:00:00,34
1438,1438,2023-06-21 07:00:00,30
1439,1439,2023-06-21 08:00:00,33
1440,1440,2023-06-21 09:00:00,26
1441,1441,2023-06-21 10:00:00,36
1442,1442,2023-06-21 11:00:00,31
1443,1443,2023-06-21 12:00:00,37
1444,1444,2023-06-21 13:00:00,43
1445,1445,2023-06-21 14:00:00,32
1446,1446,2023-06-21 15:00:00,35
1447,1447,2023-06-21 16:00:00,42
1448,1448,2023-06-21 17:00:00,82
1449,1449,2023-06-21 18:00:00,58
1450,1450,2023-06-21 19:00:00,91
1451,1451,2023-06-21 20:00:00,97
1452,1452,2023-06-21 21:00:00,35
1453,1453,2023-06-21 22:00:00,37
1454,1454,2023-06-21 23:00:00,15
1455,1455,2023-06-22 00:00:00,5
1456,1456,2023-06-22 01:00:00,1
1457,1457,2023-06-22 02:00:00,0
1458,1458,2023-06-22 03:00:00,0
1459,1459,2023-06-22 04:00:00,1
1460,1460,2023-06-22 05:00:00,12
1461,1461,2023-06-22 06:00:00,33
1462,1462,2023-06-22 07:00:00,36
1463,1463,2023-06-22 08:00:00,26
1464,1464,2023-06-22 09:00:00,24
1465,1465,2023-06-22 10:00:00,37
1466,1466,2023-06-22 11:00:00,27
1467,1467,2023-06-22 12:00:00,21
1468,1468,2023-06-22 13:00:00,20
1469,1469,2023-06-22 14:00:00,34
1470,1470,2023-06-22 15:00:00,28
1471,1471,2023-06-22 16:00:00,25
1472,1472,2023-06-22 17:00:00,39
1473,1473,2023-06-22 18:00:00,55
1474,1474,2023-06-22 19:00:00,41
1475,1475,2023-06-22 20:00:00,47
1476,1476,2023-06-22 21:00:00,51
1477,1477,2023-06-22 22:00:00,23
1478,1478,2023-06-22 23:00:00,15
1479,1479,2023-06-23 00:00:00,4
1480,1480,2023-06-23 01:00:00,1
1481,1481,2023-06-23 02:00:00,0
1482,1482,2023-06-23 03:00:00,0
1483,1483,2023-06-23 04:00:00,1
1484,1484,2023-06-23 05:00:00,8
1485,1485,2023-06-23 06:00:00,27
1486,1486,2023-06-23 07:00:00,60
1487,1487,2023-06-23 08:00:00,46
1488,1488,2023-06-23 09:00:00,57
1489,1489,2023-06-23 10:00:00,44
1490,1490,2023-06-23 11:00:00,22
1491,1491,2023-06-23 12:00:00,19
1492,1492,2023-06-23 13:00:00,27
1493,1493,2023-06-23 14:00:00,41
1494,1494,2023-06-23 15:00:00,38
1495,1495,2023-06-23 16:00:00,54
1496,1496,2023-06-23 17:00:00,74
1497,1497,2023-06-23 18:00:00,66
1498,1498,2023-06-23 19:00:00,114
1499,1499,2023-06-23 20:00:00,95
1500,1500,2023-06-23 21:00:00,80
1501,1501,2023-06-23 22:00:00,103
1502,1502,2023-06-23 23:00:00,38
1503,1503,2023-06-24 00:00:00,29
1504,1504,2023-06-24 01:00:00,8
1505,1505,2023-06-24 02:00:00,7
1506,1506,2023-06-24 03:00:00,3
1507,1507,2023-06-24 04:00:00,3
1508,1508,2023-06-24 05:00:00,2
1509,1509,2023-06-24 06:00:00,5
1510,1510,2023-06-24 07:00:00,27
1511,1511,2023-06-24 08:00:00,25
1512,1512,2023-06-24 09:00:00,27
1513,1513,2023-06-24 10:00:00,48
1514,1514,2023-06-24 11:00:00,44
1515,1515,2023-06-24 12:00:00,59
1516,1516,2023-06-24 13:00:00,49
1517,1517,2023-06-24 14:00:00,92
1518,1518,2023-06-24 15:00:00,66
1519,1519,2023-06-24 16:00:00,126
1520,1520,2023-06-24 17:00:00,122
1521,1521,2023-06-24 18:00:00,88
1522,1522,2023-06-24 19:00:00,121
1523,1523,2023-06-24 20:00:00,102
1524,1524,2023-06-24 21:00:00,70
1525,1525,2023-06-24 22:00:00,81
1526,1526,2023-06-24 23:00:00,52
1527,1527,2023-06-25 00:00:00,22
1528,1528,2023-06-25 01:00:00,17
1529,1529,2023-06-25 02:00:00,8
1530,1530,2023-06-25 03:00:00,3
1531,1531,2023-06-25 04:00:00,2
1532,1532,2023-06-25 05:00:00,2
1533,1533,2023-06-25 06:00:00,4
1534,1534,2023-06-25 07:00:00,24
1535,1535,2023-06-25 08:00:00,28
1536,1536,2023-06-25 09:00:00,42
1537,1537,2023-06-25 10:00:00,60
1538,1538,2023-06-25 11:00:00,35
1539,1539,2023-06-25 12:00:00,58
1540,1540,2023-06-25 13:00:00,91
1541,1541,2023-06-25 14:00:00,97
1542,1542,2023-06-25 15:00:00,106
1543,1543,2023-06-25 16:00:00,101
1544,1544,2023-06-25 17:00:00,122
1545,1545,2023-06-25 18:00:00,88
1546,1546,2023-06-25 19:00:00,105
1547,1547,2023-06-25 20:00:00,98
1548,1548,2023-06-25 21:00:00,90
1549,1549,2023-06-25 22:00:00,60
1550,1550,2023-06-25 23:00:00,31
1551,1551,2023-06-26 00:00:00,5
1552,1552,2023-06-26 01:00:00,1
1553,1553,2023-06-26 02:00:00,1
1554,1554,2023-06-26 03:00:00,0
1555,1555,2023-06-26 04:00:00,0
1556,1556,2023-06-26 05:00:00,14
1557,1557,2023-06-26 06:00:00,41
1558,1558,2023-06-26 07:00:00,54
1559,1559,2023-06-26 08:00:00,54
1560,1560,2023-06-26 09:00:00,39
1561,1561,2023-06-26 10:00:00,34
1562,1562,2023-06-26 11:00:00,39
1563,1563,2023-06-26 12:00:00,57
1564,1564,2023-06-26 13:00:00,28
1565,1565,2023-06-26 14:00:00,34
1566,1566,2023-06-26 15:00:00,43
1567,1567,2023-06-26 16:00:00,59
1568,1568,2023-06-26 17:00:00,47
1569,1569,2023-06-26 18:00:00,60
1570,1570,2023-06-26 19:00:00,96
1571,1571,2023-06-26 20:00:00,78
1572,1572,2023-06-26 21:00:00,58
1573,1573,2023-06-26 22:00:00,25
1574,1574,2023-06-26 23:00:00,17
1575,1575,2023-06-27 00:00:00,5
1576,1576,2023-06-27 01:00:00,1
1577,1577,2023-06-27 02:00:00,1
1578,1578,2023-06-27 03:00:00,0
1579,1579,2023-06-27 04:00:00,1
1580,1580,2023-06-27 05:00:00,7
1581,1581,2023-06-27 06:00:00,28
1582,1582,2023-06-27 07:00:00,50
1583,1583,2023-06-27 08:00:00,33
1584,1584,2023-06-27 09:00:00,27
1585,1585,2023-06-27 10:00:00,35
1586,1586,2023-06-27 11:00:00,33
1587,1587,2023-06-27 12:00:00,35
1588,1588,2023-06-27 13:00:00,35
1589,1589,2023-06-27 14:00:00,45
1590,1590,2023-06-27 15:00:00,62
1591,1591,2023-06-27 16:00:00,55
1592,1592,2023-06-27 17:00:00,88
1593,1593,2023-06-27 18:00:00,83
1594,1594,2023-06-27 19:00:00,103
1595,1595,2023-06-27 20:00:00,114
1596,1596,2023-06-27 21:00:00,37
1597,1597,2023-06-27 22:00:00,28
1598,1598,2023-06-27 23:00:00,22
1599,1599,2023-06-28 00:00:00,5
1600,1600,2023-06-28 01:00:00,1
1601,1601,2023-06-28 02:00:00,1
1602,1602,2023-06-28 03:00:00,0
1603,1603,2023-06-28 04:00:00,1
1604,1604,2023-06-28 05:00:00,9
1605,1605,2023-06-28 06:00:00,22
1606,1606,2023-06-28 07:00:00,46
1607,1607,2023-06-28 08:00:00,23
1608,1608,2023-06-28 09:00:00,42
1609,1609,2023-06-28 10:00:00,32
1610,1610,2023-06-28 11:00:00,29
1611,1611,2023-06-28 12:00:00,19
1612,1612,2023-06-28 13:00:00,30
1613,1613,2023-06-28 14:00:00,37
1614,1614,2023-06-28 15:00:00,46
1615,1615,2023-06-28 16:00:00,52
1616,1616,2023-06-28 17:00:00,79
1617,1617,2023-06-28 18:00:00,75
1618,1618,2023-06-28 19:00:00,92
1619,1619,2023-06-28 20:00:00,71
1620,1620,2023-06-28 21:00:00,52
1621,1621,2023-06-28 22:00:00,34
1622,1622,2023-06-28 23:00:00,9
1623,1623,2023-06-29 00:00:00,4
1624,1624,2023-06-29 01:00:00,1
1625,1625,2023-06-29 02:00:00,1
1626,1626,2023-06-29 03:00:00,0
1627,1627,2023-06-29 04:00:00,2
1628,1628,2023-06-29 05:00:00,14
1629,1629,2023-06-29 06:00:00,32
1630,1630,2023-06-29 07:00:00,47
1631,1631,2023-06-29 08:00:00,58
1632,1632,2023-06-29 09:00:00,31
1633,1633,2023-06-29 10:00:00,43
1634,1634,2023-06-29 11:00:00,32
1635,1635,2023-06-29 12:00:00,32
1636,1636,2023-06-29 13:00:00,42
1637,1637,2023-06-29 14:00:00,37
1638,1638,2023-06-29 15:00:00,53
1639,1639,2023-06-29 16:00:00,57
1640,1640,2023-06-29 17:00:00,60
1641,1641,2023-06-29 18:00:00,58
1642,1642,2023-06-29 19:00:00,75
1643,1643,2023-06-29 20:00:00,64
1644,1644,2023-06-29 21:00:00,43
1645,1645,2023-06-29 22:00:00,28
1646,1646,2023-06-29 23:00:00,14
1647,1647,2023-06-30 00:00:00,3
1648,1648,2023-06-30 01:00:00,1
1649,1649,2023-06-30 02:00:00,1
1650,1650,2023-06-30 03:00:00,0
1651,1651,2023-06-30 04:00:00,0
1652,1652,2023-06-30 05:00:00,6
1653,1653,2023-06-30 06:00:00,22
1654,1654,2023-06-30 07:00:00,31
1655,1655,2023-06-30 08:00:00,24
1656,1656,2023-06-30 09:00:00,21
1657,1657,2023-06-30 10:00:00,32
1658,1658,2023-06-30 11:00:00,25
1659,1659,2023-06-30 12:00:00,29
1660,1660,2023-06-30 13:00:00,36
1661,1661,2023-06-30 14:00:00,43
1662,1662,2023-06-30 15:00:00,60
1663,1663,2023-06-30 16:00:00,51
1664,1664,2023-06-30 17:00:00,85
1665,1665,2023-06-30 18:00:00,97
1666,1666,2023-06-30 19:00:00,73
1667,1667,2023-06-30 20:00:00,101
1668,1668,2023-06-30 21:00:00,83
1669,1669,2023-06-30 22:00:00,71
1670,1670,2023-06-30 23:00:00,33
1671,1671,2023-07-01 00:00:00,34
1672,1672,2023-07-01 01:00:00,20
1673,1673,2023-07-01 02:00:00,8
1674,1674,2023-07-01 03:00:00,3
1675,1675,2023-07-01 04:00:00,2
1676,1676,2023-07-01 05:00:00,2
1677,1677,2023-07-01 06:00:00,6
1678,1678,2023-07-01 07:00:00,18
1679,1679,2023-07-01 08:00:00,19
1680,1680,2023-07-01 09:00:00,31
1681,1681,2023-07-01 10:00:00,44
1682,1682,2023-07-01 11:00:00,36
1683,1683,2023-07-01 12:00:00,36
1684,1684,2023-07-01 13:00:00,57
1685,1685,2023-07-01 14:00:00,81
1686,1686,2023-07-01 15:00:00,129
1687,1687,2023-07-01 16:00:00,73
1688,1688,2023-07-01 17:00:00,80
1689,1689,2023-07-01 18:00:00,82
1690,1690,2023-07-01 19:00:00,81
1691,1691,2023-07-01 20:00:00,66
1692,1692,2023-07-01 21:00:00,109
1693,1693,2023-07-01 22:00:00,81
1694,1694,2023-07-01 23:00:00,49
1695,1695,2023-07-02 00:00:00,22
1696,1696,2023-07-02 01:00:00,18
1697,1697,2023-07-02 02:00:00,9
1698,1698,2023-07-02 03:00:00,2
1699,1699,2023-07-02 04:00:00,2
1700,1700,2023-07-02 05:00:00,2
1701,1701,2023-07-02 06:00:00,4
1702,1702,2023-07-02 07:00:00,25
1703,1703,2023-07-02 08:00:00,25
1704,1704,2023-07-02 09:00:00,31
1705,1705,2023-07-02 10:00:00,35
1706,1706,2023-07-02 11:00:00,42
1707,1707,2023-07-02 12:00:00,55
1708,1708,2023-07-02 13:00:00,56
1709,1709,2023-07-02 14:00:00,74
1710,1710,2023-07-02 15:00:00,72
1711,1711,2023-07-02 16:00:00,90
1712,1712,2023-07-02 17:00:00,110
1713,1713,2023-07-02 18:00:00,103
1714,1714,2023-07-02 19:00:00,98
1715,1715,2023-07-02 20:00:00,101
1716,1716,2023-07-02 21:00:00,71
1717,1717,2023-07-02 22:00:00,81
1718,1718,2023-07-02 23:00:00,48
1719,1719,2023-07-03 00:00:00,4
1720,1720,2023-07-03 01:00:00,2
1721,1721,2023-07-03 02:00:00,1
1722,1722,2023-07-03 03:00:00,0
1723,1723,2023-07-03 04:00:00,2
1724,1724,2023-07-03 05:00:00,10
1725,1725,2023-07-03 06:00:00,34
1726,1726,2023-07-03 07:00:00,36
1727,1727,2023-07-03 08:00:00,50
1728,1728,2023-07-03 09:00:00,32
1729,1729,2023-07-03 10:00:00,26
1730,1730,2023-07-03 11:00:00,30
1731,1731,2023-07-03 12:00:00,22
1732,1732,2023-07-03 13:00:00,22
1733,1733,2023-07-03 14:00:00,47
1734,1734,2023-07-03 15:00:00,50
1735,1735,2023-07-03 16:00:00,41
1736,1736,2023-07-03 17:00:00,82
1737,1737,2023-07-03 18:00:00,58
1738,1738,2023-07-03 19:00:00,55
1739,1739,2023-07-03 20:00:00,75
1740,1740,2023-07-03 21:00:00,61
1741,1741,2023-07-03 22:00:00,30
1742,1742,2023-07-03 23:00:00,17
1743,1743,2023-07-04 00:00:00,4
1744,1744,2023-07-04 01:00:00,1
1745,1745,2023-07-04 02:00:00,0
1746,1746,2023-07-04 03:00:00,0
1747,1747,2023-07-04 04:00:00,1
1748,1748,2023-07-04 05:00:00,11
1749,1749,2023-07-04 06:00:00,34
1750,1750,2023-07-04 07:00:00,66
1751,1751,2023-07-04 08:00:00,45
1752,1752,2023-07-04 09:00:00,44
1753,1753,2023-07-04 10:00:00,43
1754,1754,2023-07-04 11:00:00,42
1755,1755,2023-07-04 12:00:00,43
1756,1756,2023-07-04 13:00:00,26
1757,1757,2023-07-04 14:00:00,51
1758,1758,2023-07-04 15:00:00,51
1759,1759,2023-07-04 16:00:00,88
1760,1760,2023-07-04 17:00:00,77
1761,1761,2023-07-04 18:00:00,70
1762,1762,2023-07-04 19:00:00,78
1763,1763,2023-07-04 20:00:00,82
1764,1764,2023-07-04 21:00:00,55
1765,1765,2023-07-04 22:00:00,29
1766,1766,2023-07-04 23:00:00,16
1767,1767,2023-07-05 00:00:00,4
1768,1768,2023-07-05 01:00:00,1
1769,1769,2023-07-05 02:00:00,0
1770,1770,2023-07-05 03:00:00,0
1771,1771,2023-07-05 04:00:00,1
1772,1772,2023-07-05 05:00:00,11
1773,1773,2023-07-05 06:00:00,28
1774,1774,2023-07-05 07:00:00,25
1775,1775,2023-07-05 08:00:00,42
1776,1776,2023-07-05 09:00:00,28
1777,1777,2023-07-05 10:00:00,43
1778,1778,2023-07-05 11:00:00,38
1779,1779,2023-07-05 12:00:00,26
1780,1780,2023-07-05 13:00:00,39
1781,1781,2023-07-05 14:00:00,47
1782,1782,2023-07-05 15:00:00,55
1783,1783,2023-07-05 16:00:00,45
1784,1784,2023-07-05 17:00:00,79
1785,1785,2023-07-05 18:00:00,70
1786,1786,2023-07-05 19:00:00,80
1787,1787,2023-07-05 20:00:00,63
1788,1788,2023-07-05 21:00:00,57
1789,1789,2023-07-05 22:00:00,35
1790,1790,2023-07-05 23:00:00,24
1791,1791,2023-07-06 00:00:00,4
1792,1792,2023-07-06 01:00:00,1
1793,1793,2023-07-06 02:00:00,1
1794,1794,2023-07-06 03:00:00,0
1795,1795,2023-07-06 04:00:00,1
1796,1796,2023-07-06 05:00:00,9
1797,1797,2023-07-06 06:00:00,32
1798,1798,2023-07-06 07:00:00,42
1799,1799,2023-07-06 08:00:00,32
1800,1800,2023-07-06 09:00:00,39
1801,1801,2023-07-06 10:00:00,45
1802,1802,2023-07-06 11:00:00,30
1803,1803,2023-07-06 12:00:00,18
1804,1804,2023-07-06 13:00:00,50
1805,1805,2023-07-06 14:00:00,35
1806,1806,2023-07-06 15:00:00,47
1807,1807,2023-07-06 16:00:00,47
1808,1808,2023-07-06 17:00:00,87
1809,1809,2023-07-06 18:00:00,62
1810,1810,2023-07-06 19:00:00,101
1811,1811,2023-07-06 20:00:00,81
1812,1812,2023-07-06 21:00:00,55
1813,1813,2023-07-06 22:00:00,46
1814,1814,2023-07-06 23:00:00,18
1815,1815,2023-07-07 00:00:00,4
1816,1816,2023-07-07 01:00:00,1
1817,1817,2023-07-07 02:00:00,1
1818,1818,2023-07-07 03:00:00,0
1819,1819,2023-07-07 04:00:00,1
1820,1820,2023-07-07 05:00:00,14
1821,1821,2023-07-07 06:00:00,30
1822,1822,2023-07-07 07:00:00,52
1823,1823,2023-07-07 08:00:00,65
1824,1824,2023-07-07 09:00:00,49
1825,1825,2023-07-07 10:00:00,44
1826,1826,2023-07-07 11:00:00,43
1827,1827,2023-07-07 12:00:00,26
1828,1828,2023-07-07 13:00:00,41
1829,1829,2023-07-07 14:00:00,57
1830,1830,2023-07-07 15:00:00,65
1831,1831,2023-07-07 16:00:00,57
1832,1832,2023-07-07 17:00:00,84
1833,1833,2023-07-07 18:00:00,78
1834,1834,2023-07-07 19:00:00,110
1835,1835,2023-07-07 20:00:00,85
1836,1836,2023-07-07 21:00:00,64
1837,1837,2023-07-07 22:00:00,68
1838,1838,2023-07-07 23:00:00,43
1839,1839,2023-07-08 00:00:00,24
1840,1840,2023-07-08 01:00:00,13
1841,1841,2023-07-08 02:00:00,11
1842,1842,2023-07-08 03:00:00,2
1843,1843,2023-07-08 04:00:00,1
1844,1844,2023-07-08 05:00:00,3
1845,1845,2023-07-08 06:00:00,4
1846,1846,2023-07-08 07:00:00,16
1847,1847,2023-07-08 08:00:00,22
1848,1848,2023-07-08 09:00:00,31
1849,1849,2023-07-08 10:00:00,48
1850,1850,2023-07-08 11:00:00,39
1851,1851,2023-07-08 12:00:00,58
1852,1852,2023-07-08 13:00:00,73
1853,1853,2023-07-08 14:00:00,86
1854,1854,2023-07-08 15:00:00,114
1855,1855,2023-07-08 16:00:00,83
1856,1856,2023-07-08 17:00:00,170
1857,1857,2023-07-08 18:00:00,134
1858,1858,2023-07-08 19:00:00,125
1859,1859,2023-07-08 20:00:00,88
1860,1860,2023-07-08 21:00:00,99
1861,1861,2023-07-08 22:00:00,74
1862,1862,2023-07-08 23:00:00,54
1863,1863,2023-07-09 00:00:00,31
1864,1864,2023-07-09 01:00:00,13
1865,1865,2023-07-09 02:00:00,10
1866,1866,2023-07-09 03:00:00,3
1867,1867,2023-07-09 04:00:00,1
1868,1868,2023-07-09 05:00:00,2
1869,1869,2023-07-09 06:00:00,5
1870,1870,2023-07-09 07:00:00,26
1871,1871,2023-07-09 08:00:00,24
1872,1872,2023-07-09 09:00:00,38
1873,1873,2023-07-09 10:00:00,36
1874,1874,2023-07-09 11:00:00,35
1875,1875,2023-07-09 12:00:00,57
1876,1876,2023-07-09 13:00:00,47
1877,1877,2023-07-09 14:00:00,104
1878,1878,2023-07-09 15:00:00,97
1879,1879,2023-07-09 16:00:00,108
1880,1880,2023-07-09 17:00:00,114
1881,1881,2023-07-09 18:00:00,114
1882,1882,2023-07-09 19:00:00,126
1883,1883,2023-07-09 20:00:00,94
1884,1884,2023-07-09 21:00:00,83
1885,1885,2023-07-09 22:00:00,59
1886,1886,2023-07-09 23:00:00,49
1887,1887,2023-07-10 00:00:00,2
1888,1888,2023-07-10 01:00:00,1
1889,1889,2023-07-10 02:00:00,1
1890,1890,2023-07-10 03:00:00,0
1891,1891,2023-07-10 04:00:00,2
1892,1892,2023-07-10 05:00:00,14
1893,1893,2023-07-10 06:00:00,38
1894,1894,2023-07-10 07:00:00,38
1895,1895,2023-07-10 08:00:00,69
1896,1896,2023-07-10 09:00:00,68
1897,1897,2023-07-10 10:00:00,31
1898,1898,2023-07-10 11:00:00,29
1899,1899,2023-07-10 12:00:00,28
1900,1900,2023-07-10 13:00:00,33
1901,1901,2023-07-10 14:00:00,59
1902,1902,2023-07-10 15:00:00,55
1903,1903,2023-07-10 16:00:00,62
1904,1904,2023-07-10 17:00:00,78
1905,1905,2023-07-10 18:00:00,56
1906,1906,2023-07-10 19:00:00,86
1907,1907,2023-07-10 20:00:00,65
1908,1908,2023-07-10 21:00:00,79
1909,1909,2023-07-10 22:00:00,41
1910,1910,2023-07-10 23:00:00,23
1911,1911,2023-07-11 00:00:00,3
1912,1912,2023-07-11 01:00:00,1
1913,1913,2023-07-11 02:00:00,1
1914,1914,2023-07-11 03:00:00,0
1915,1915,2023-07-11 04:00:00,1
1916,1916,2023-07-11 05:00:00,12
1917,1917,2023-07-11 06:00:00,44
1918,1918,2023-07-11 07:00:00,46
1919,1919,2023-07-11 08:00:00,45
1920,1920,2023-07-11 09:00:00,52
1921,1921,2023-07-11 10:00:00,35
1922,1922,2023-07-11 11:00:00,34
1923,1923,2023-07-11 12:00:00,37
1924,1924,2023-07-11 13:00:00,62
1925,1925,2023-07-11 14:00:00,45
1926,1926,2023-07-11 15:00:00,73
1927,1927,2023-07-11 16:00:00,71
1928,1928,2023-07-11 17:00:00,41
1929,1929,2023-07-11 18:00:00,55
1930,1930,2023-07-11 19:00:00,74
1931,1931,2023-07-11 20:00:00,34
1932,1932,2023-07-11 21:00:00,33
1933,1933,2023-07-11 22:00:00,23
1934,1934,2023-07-11 23:00:00,15
1935,1935,2023-07-12 00:00:00,5
1936,1936,2023-07-12 01:00:00,1
1937,1937,2023-07-12 02:00:00,1
1938,1938,2023-07-12 03:00:00,0
1939,1939,2023-07-12 04:00:00,1
1940,1940,2023-07-12 05:00:00,14
1941,1941,2023-07-12 06:00:00,41
1942,1942,2023-07-12 07:00:00,40
1943,1943,2023-07-12 08:00:00,51
1944,1944,2023-07-12 09:00:00,44
1945,1945,2023-07-12 10:00:00,47
1946,1946,2023-07-12 11:00:00,26
1947,1947,2023-07-12 12:00:00,38
1948,1948,2023-07-12 13:00:00,50
1949,1949,2023-07-12 14:00:00,29
1950,1950,2023-07-12 15:00:00,62
1951,1951,2023-07-12 16:00:00,52
1952,1952,2023-07-12 17:00:00,80
1953,1953,2023-07-12 18:00:00,69
1954,1954,2023-07-12 19:00:00,54
1955,1955,2023-07-12 20:00:00,82
1956,1956,2023-07-12 21:00:00,48
1957,1957,2023-07-12 22:00:00,43
1958,1958,2023-07-12 23:00:00,21
1959,1959,2023-07-13 00:00:00,4
1960,1960,2023-07-13 01:00:00,2
1961,1961,2023-07-13 02:00:00,1
1962,1962,2023-07-13 03:00:00,0
1963,1963,2023-07-13 04:00:00,1
1964,1964,2023-07-13 05:00:00,10
1965,1965,2023-07-13 06:00:00,30
1966,1966,2023-07-13 07:00:00,37
1967,1967,2023-07-13 08:00:00,53
1968,1968,2023-07-13 09:00:00,48
1969,1969,2023-07-13 10:00:00,42
1970,1970,2023-07-13 11:00:00,30
1971,1971,2023-07-13 12:00:00,36
1972,1972,2023-07-13 13:00:00,49
1973,1973,2023-07-13 14:00:00,59
1974,1974,2023-07-13 15:00:00,58
1975,1975,2023-07-13 16:00:00,41
1976,1976,2023-07-13 17:00:00,88
1977,1977,2023-07-13 18:00:00,104
1978,1978,2023-07-13 19:00:00,87
1979,1979,2023-07-13 20:00:00,68
1980,1980,2023-07-13 21:00:00,61
1981,1981,2023-07-13 22:00:00,27
1982,1982,2023-07-13 23:00:00,19
1983,1983,2023-07-14 00:00:00,5
1984,1984,2023-07-14 01:00:00,1
1985,1985,2023-07-14 02:00:00,2
1986,1986,2023-07-14 03:00:00,0
1987,1987,2023-07-14 04:00:00,1
1988,1988,2023-07-14 05:00:00,8
1989,1989,2023-07-14 06:00:00,42
1990,1990,2023-07-14 07:00:00,32
1991,1991,2023-07-14 08:00:00,43
1992,1992,2023-07-14 09:00:00,40
1993,1993,2023-07-14 10:00:00,34
1994,1994,2023-07-14 11:00:00,28
1995,1995,2023-07-14 12:00:00,34
1996,1996,2023-07-14 13:00:00,22
1997,1997,2023-07-14 14:00:00,49
1998,1998,2023-07-14 15:00:00,52
1999,1999,2023-07-14 16:00:00,78
2000,2000,2023-07-14 17:00:00,122
2001,2001,2023-07-14 18:00:00,118
2002,2002,2023-07-14 19:00:00,93
2003,2003,2023-07-14 20:00:00,78
2004,2004,2023-07-14 21:00:00,46
2005,2005,2023-07-14 22:00:00,68
2006,2006,2023-07-14 23:00:00,38
2007,2007,2023-07-15 00:00:00,32
2008,2008,2023-07-15 01:00:00,19
2009,2009,2023-07-15 02:00:00,11
2010,2010,2023-07-15 03:00:00,3
2011,2011,2023-07-15 04:00:00,2
2012,2012,2023-07-15 05:00:00,2
2013,2013,2023-07-15 06:00:00,4
2014,2014,2023-07-15 07:00:00,28
2015,2015,2023-07-15 08:00:00,28
2016,2016,2023-07-15 09:00:00,33
2017,2017,2023-07-15 10:00:00,48
2018,2018,2023-07-15 11:00:00,44
2019,2019,2023-07-15 12:00:00,50
2020,2020,2023-07-15 13:00:00,41
2021,2021,2023-07-15 14:00:00,81
2022,2022,2023-07-15 15:00:00,62
2023,2023,2023-07-15 16:00:00,106
2024,2024,2023-07-15 17:00:00,141
2025,2025,2023-07-15 18:00:00,110
2026,2026,2023-07-15 19:00:00,59
2027,2027,2023-07-15 20:00:00,79
2028,2028,2023-07-15 21:00:00,65
2029,2029,2023-07-15 22:00:00,47
2030,2030,2023-07-15 23:00:00,33
2031,2031,2023-07-16 00:00:00,41
2032,2032,2023-07-16 01:00:00,17
2033,2033,2023-07-16 02:00:00,12
2034,2034,2023-07-16 03:00:00,3
2035,2035,2023-07-16 04:00:00,2
2036,2036,2023-07-16 05:00:00,2
2037,2037,2023-07-16 06:00:00,4
2038,2038,2023-07-16 07:00:00,25
2039,2039,2023-07-16 08:00:00,19
2040,2040,2023-07-16 09:00:00,37
2041,2041,2023-07-16 10:00:00,40
2042,2042,2023-07-16 11:00:00,34
2043,2043,2023-07-16 12:00:00,53
2044,2044,2023-07-16 13:00:00,67
2045,2045,2023-07-16 14:00:00,94
2046,2046,2023-07-16 15:00:00,82
2047,2047,2023-07-16 16:00:00,127
2048,2048,2023-07-16 17:00:00,75
2049,2049,2023-07-16 18:00:00,77
2050,2050,2023-07-16 19:00:00,120
2051,2051,2023-07-16 20:00:00,116
2052,2052,2023-07-16 21:00:00,98
2053,2053,2023-07-16 22:00:00,69
2054,2054,2023-07-16 23:00:00,38
2055,2055,2023-07-17 00:00:00,5
2056,2056,2023-07-17 01:00:00,1
2057,2057,2023-07-17 02:00:00,1
2058,2058,2023-07-17 03:00:00,0
2059,2059,2023-07-17 04:00:00,1
2060,2060,2023-07-17 05:00:00,8
2061,2061,2023-07-17 06:00:00,33
2062,2062,2023-07-17 07:00:00,49
2063,2063,2023-07-17 08:00:00,48
2064,2064,2023-07-17 09:00:00,56
2065,2065,2023-07-17 10:00:00,39
2066,2066,2023-07-17 11:00:00,33
2067,2067,2023-07-17 12:00:00,19
2068,2068,2023-07-17 13:00:00,38
2069,2069,2023-07-17 14:00:00,53
2070,2070,2023-07-17 15:00:00,71
2071,2071,2023-07-17 16:00:00,47
2072,2072,2023-07-17 17:00:00,64
2073,2073,2023-07-17 18:00:00,86
2074,2074,2023-07-17 19:00:00,81
2075,2075,2023-07-17 20:00:00,77
2076,2076,2023-07-17 21:00:00,41
2077,2077,2023-07-17 22:00:00,25
2078,2078,2023-07-17 23:00:00,20
2079,2079,2023-07-18 00:00:00,4
2080,2080,2023-07-18 01:00:00,2
2081,2081,2023-07-18 02:00:00,1
2082,2082,2023-07-18 03:00:00,0
2083,2083,2023-07-18 04:00:00,1
2084,2084,2023-07-18 05:00:00,10
2085,2085,2023-07-18 06:00:00,40
2086,2086,2023-07-18 07:00:00,43
2087,2087,2023-07-18 08:00:00,54
2088,2088,2023-07-18 09:00:00,37
2089,2089,2023-07-18 10:00:00,23
2090,2090,2023-07-18 11:00:00,22
2091,2091,2023-07-18 12:00:00,41
2092,2092,2023-07-18 13:00:00,34
2093,2093,2023-07-18 14:00:00,49
2094,2094,2023-07-18 15:00:00,45
2095,2095,2023-07-18 16:00:00,61
2096,2096,2023-07-18 17:00:00,76
2097,2097,2023-07-18 18:00:00,112
2098,2098,2023-07-18 19:00:00,111
2099,2099,2023-07-18 20:00:00,61
2100,2100,2023-07-18 21:00:00,51
2101,2101,2023-07-18 22:00:00,28
2102,2102,2023-07-18 23:00:00,28
2103,2103,2023-07-19 00:00:00,2
2104,2104,2023-07-19 01:00:00,1
2105,2105,2023-07-19 02:00:00,1
2106,2106,2023-07-19 03:00:00,0
2107,2107,2023-07-19 04:00:00,1
2108,2108,2023-07-19 05:00:00,14
2109,2109,2023-07-19 06:00:00,37
2110,2110,2023-07-19 07:00:00,40
2111,2111,2023-07-19 08:00:00,42
2112,2112,2023-07-19 09:00:00,43
2113,2113,2023-07-19 10:00:00,43
2114,2114,2023-07-19 11:00:00,20
2115,2115,2023-07-19 12:00:00,35
2116,2116,2023-07-19 13:00:00,38
2117,2117,2023-07-19 14:00:00,40
2118,2118,2023-07-19 15:00:00,51
2119,2119,2023-07-19 16:00:00,60
2120,2120,2023-07-19 17:00:00,75
2121,2121,2023-07-19 18:00:00,60
2122,2122,2023-07-19 19:00:00,85
2123,2123,2023-07-19 20:00:00,73
2124,2124,2023-07-19 21:00:00,46
2125,2125,2023-07-19 22:00:00,21
2126,2126,2023-07-19 23:00:00,29
2127,2127,2023-07-20 00:00:00,5
2128,2128,2023-07-20 01:00:00,1
2129,2129,2023-07-20 02:00:00,1
2130,2130,2023-07-20 03:00:00,0
2131,2131,2023-07-20 04:00:00,1
2132,2132,2023-07-20 05:00:00,12
2133,2133,2023-07-20 06:00:00,36
2134,2134,2023-07-20 07:00:00,41
2135,2135,2023-07-20 08:00:00,58
2136,2136,2023-07-20 09:00:00,31
2137,2137,2023-07-20 10:00:00,38
2138,2138,2023-07-20 11:00:00,35
2139,2139,2023-07-20 12:00:00,26
2140,2140,2023-07-20 13:00:00,44
2141,2141,2023-07-20 14:00:00,44
2142,2142,2023-07-20 15:00:00,51
2143,2143,2023-07-20 16:00:00,63
2144,2144,2023-07-20 17:00:00,91
2145,2145,2023-07-20 18:00:00,57
2146,2146,2023-07-20 19:00:00,100
2147,2147,2023-07-20 20:00:00,82
2148,2148,2023-07-20 21:00:00,42
2149,2149,2023-07-20 22:00:00,16
2150,2150,2023-07-20 23:00:00,20
2151,2151,2023-07-21 00:00:00,4
2152,2152,2023-07-21 01:00:00,0
2153,2153,2023-07-21 02:00:00,1
2154,2154,2023-07-21 03:00:00,0
2155,2155,2023-07-21 04:00:00,1
2156,2156,2023-07-21 05:00:00,13
2157,2157,2023-07-21 06:00:00,24
2158,2158,2023-07-21 07:00:00,44
2159,2159,2023-07-21 08:00:00,49
2160,2160,2023-07-21 09:00:00,46
2161,2161,2023-07-21 10:00:00,45
2162,2162,2023-07-21 11:00:00,30
2163,2163,2023-07-21 12:00:00,39
2164,2164,2023-07-21 13:00:00,37
2165,2165,2023-07-21 14:00:00,34
2166,2166,2023-07-21 15:00:00,47
2167,2167,2023-07-21 16:00:00,79
2168,2168,2023-07-21 17:00:00,85
2169,2169,2023-07-21 18:00:00,122
2170,2170,2023-07-21 19:00:00,105
2171,2171,2023-07-21 20:00:00,87
2172,2172,2023-07-21 21:00:00,103
2173,2173,2023-07-21 22:00:00,58
2174,2174,2023-07-21 23:00:00,50
2175,2175,2023-07-22 00:00:00,36
2176,2176,2023-07-22 01:00:00,14
2177,2177,2023-07-22 02:00:00,9
2178,2178,2023-07-22 03:00:00,2
2179,2179,2023-07-22 04:00:00,2
2180,2180,2023-07-22 05:00:00,3
2181,2181,2023-07-22 06:00:00,5
2182,2182,2023-07-22 07:00:00,26
2183,2183,2023-07-22 08:00:00,25
2184,2184,2023-07-22 09:00:00,40
2185,2185,2023-07-22 10:00:00,60
2186,2186,2023-07-22 11:00:00,42
2187,2187,2023-07-22 12:00:00,53
2188,2188,2023-07-22 13:00:00,47
2189,2189,2023-07-22 14:00:00,95
2190,2190,2023-07-22 15:00:00,91
2191,2191,2023-07-22 16:00:00,102
2192,2192,2023-07-22 17:00:00,113
2193,2193,2023-07-22 18:00:00,104
2194,2194,2023-07-22 19:00:00,98
2195,2195,2023-07-22 20:00:00,137
2196,2196,2023-07-22 21:00:00,90
2197,2197,2023-07-22 22:00:00,83
2198,2198,2023-07-22 23:00:00,48
2199,2199,2023-07-23 00:00:00,28
2200,2200,2023-07-23 01:00:00,16
2201,2201,2023-07-23 02:00:00,10
2202,2202,2023-07-23 03:00:00,4
2203,2203,2023-07-23 04:00:00,2
2204,2204,2023-07-23 05:00:00,1
2205,2205,2023-07-23 06:00:00,2
2206,2206,2023-07-23 07:00:00,22
2207,2207,2023-07-23 08:00:00,29
2208,2208,2023-07-23 09:00:00,35
2209,2209,2023-07-23 10:00:00,24
2210,2210,2023-07-23 11:00:00,31
2211,2211,2023-07-23 12:00:00,52
2212,2212,2023-07-23 13:00:00,53
2213,2213,2023-07-23 14:00:00,85
2214,2214,2023-07-23 15:00:00,71
2215,2215,2023-07-23 16:00:00,150
2216,2216,2023-07-23 17:00:00,144
2217,2217,2023-07-23 18:00:00,145
2218,2218,2023-07-23 19:00:00,99
2219,2219,2023-07-23 20:00:00,161
2220,2220,2023-07-23 21:00:00,96
2221,2221,2023-07-23 22:00:00,84
2222,2222,2023-07-23 23:00:00,42
2223,2223,2023-07-24 00:00:00,3
2224,2224,2023-07-24 01:00:00,1
2225,2225,2023-07-24 02:00:00,1
2226,2226,2023-07-24 03:00:00,0
2227,2227,2023-07-24 04:00:00,1
2228,2228,2023-07-24 05:00:00,8
2229,2229,2023-07-24 06:00:00,39
2230,2230,2023-07-24 07:00:00,46
2231,2231,2023-07-24 08:00:00,47
2232,2232,2023-07-24 09:00:00,46
2233,2233,2023-07-24 10:00:00,29
2234,2234,2023-07-24 11:00:00,17
2235,2235,2023-07-24 12:00:00,37
2236,2236,2023-07-24 13:00:00,25
2237,2237,2023-07-24 14:00:00,45
2238,2238,2023-07-24 15:00:00,62
2239,2239,2023-07-24 16:00:00,56
2240,2240,2023-07-24 17:00:00,50
2241,2241,2023-07-24 18:00:00,58
2242,2242,2023-07-24 19:00:00,66
2243,2243,2023-07-24 20:00:00,80
2244,2244,2023-07-24 21:00:00,66
2245,2245,2023-07-24 22:00:00,31
2246,2246,2023-07-24 23:00:00,23
2247,2247,2023-07-25 00:00:00,5
2248,2248,2023-07-25 01:00:00,1
2249,2249,2023-07-25 02:00:00,1
2250,2250,2023-07-25 03:00:00,0
2251,2251,2023-07-25 04:00:00,1
2252,2252,2023-07-25 05:00:00,11
2253,2253,2023-07-25 06:00:00,25
2254,2254,2023-07-25 07:00:00,54
2255,2255,2023-07-25 08:00:00,23
2256,2256,2023-07-25 09:00:00,30
2257,2257,2023-07-25 10:00:00,20
2258,2258,2023-07-25 11:00:00,17
2259,2259,2023-07-25 12:00:00,16
2260,2260,2023-07-25 13:00:00,12
2261,2261,2023-07-25 14:00:00,25
2262,2262,2023-07-25 15:00:00,23
2263,2263,2023-07-25 16:00:00,34
2264,2264,2023-07-25 17:00:00,37
2265,2265,2023-07-25 18:00:00,41
2266,2266,2023-07-25 19:00:00,62
2267,2267,2023-07-25 20:00:00,104
2268,2268,2023-07-25 21:00:00,54
2269,2269,2023-07-25 22:00:00,24
2270,2270,2023-07-25 23:00:00,16
2271,2271,2023-07-26 00:00:00,4
2272,2272,2023-07-26 01:00:00,1
2273,2273,2023-07-26 02:00:00,0
2274,2274,2023-07-26 03:00:00,0
2275,2275,2023-07-26 04:00:00,1
2276,2276,2023-07-26 05:00:00,12
2277,2277,2023-07-26 06:00:00,35
2278,2278,2023-07-26 07:00:00,36
2279,2279,2023-07-26 08:00:00,45
2280,2280,2023-07-26 09:00:00,36
2281,2281,2023-07-26 10:00:00,42
2282,2282,2023-07-26 11:00:00,28
2283,2283,2023-07-26 12:00:00,25
2284,2284,2023-07-26 13:00:00,39
2285,2285,2023-07-26 14:00:00,38
2286,2286,2023-07-26 15:00:00,60
2287,2287,2023-07-26 16:00:00,73
2288,2288,2023-07-26 17:00:00,59
2289,2289,2023-07-26 18:00:00,67
2290,2290,2023-07-26 19:00:00,81
2291,2291,2023-07-26 20:00:00,100
2292,2292,2023-07-26 21:00:00,54
2293,2293,2023-07-26 22:00:00,35
2294,2294,2023-07-26 23:00:00,22
2295,2295,2023-07-27 00:00:00,1
2296,2296,2023-07-27 01:00:00,1
2297,2297,2023-07-27 02:00:00,1
2298,2298,2023-07-27 03:00:00,0
2299,2299,2023-07-27 04:00:00,1
2300,2300,2023-07-27 05:00:00,4
2301,2301,2023-07-27 06:00:00,32
2302,2302,2023-07-27 07:00:00,46
2303,2303,2023-07-27 08:00:00,40
2304,2304,2023-07-27 09:00:00,36
2305,2305,2023-07-27 10:00:00,26
2306,2306,2023-07-27 11:00:00,19
2307,2307,2023-07-27 12:00:00,19
2308,2308,2023-07-27 13:00:00,32
2309,2309,2023-07-27 14:00:00,46
2310,2310,2023-07-27 15:00:00,41
2311,2311,2023-07-27 16:00:00,55
2312,2312,2023-07-27 17:00:00,79
2313,2313,2023-07-27 18:00:00,74
2314,2314,2023-07-27 19:00:00,116
2315,2315,2023-07-27 20:00:00,72
2316,2316,2023-07-27 21:00:00,43
2317,2317,2023-07-27 22:00:00,39
2318,2318,2023-07-27 23:00:00,13
2319,2319,2023-07-28 00:00:00,0
2320,2320,2023-07-28 01:00:00,0
2321,2321,2023-07-28 02:00:00,1
2322,2322,2023-07-28 03:00:00,0
2323,2323,2023-07-28 04:00:00,1
2324,2324,2023-07-28 05:00:00,7
2325,2325,2023-07-28 06:00:00,44
2326,2326,2023-07-28 07:00:00,53
2327,2327,2023-07-28 08:00:00,67
2328,2328,2023-07-28 09:00:00,38
2329,2329,2023-07-28 10:00:00,38
2330,2330,2023-07-28 11:00:00,31
2331,2331,2023-07-28 12:00:00,33
2332,2332,2023-07-28 13:00:00,35
2333,2333,2023-07-28 14:00:00,42
2334,2334,2023-07-28 15:00:00,35
2335,2335,2023-07-28 16:00:00,50
2336,2336,2023-07-28 17:00:00,89
2337,2337,2023-07-28 18:00:00,115
2338,2338,2023-07-28 19:00:00,121
2339,2339,2023-07-28 20:00:00,106
2340,2340,2023-07-28 21:00:00,110
2341,2341,2023-07-28 22:00:00,80
2342,2342,2023-07-28 23:00:00,68
2343,2343,2023-07-29 00:00:00,28
2344,2344,2023-07-29 01:00:00,16
2345,2345,2023-07-29 02:00:00,11
2346,2346,2023-07-29 03:00:00,3
2347,2347,2023-07-29 04:00:00,2
2348,2348,2023-07-29 05:00:00,2
2349,2349,2023-07-29 06:00:00,4
2350,2350,2023-07-29 07:00:00,20
2351,2351,2023-07-29 08:00:00,15
2352,2352,2023-07-29 09:00:00,33
2353,2353,2023-07-29 10:00:00,49
2354,2354,2023-07-29 11:00:00,41
2355,2355,2023-07-29 12:00:00,40
2356,2356,2023-07-29 13:00:00,58
2357,2357,2023-07-29 14:00:00,54
2358,2358,2023-07-29 15:00:00,89
2359,2359,2023-07-29 16:00:00,69
2360,2360,2023-07-29 17:00:00,93
2361,2361,2023-07-29 18:00:00,118
2362,2362,2023-07-29 19:00:00,84
2363,2363,2023-07-29 20:00:00,70
2364,2364,2023-07-29 21:00:00,66
2365,2365,2023-07-29 22:00:00,77
2366,2366,2023-07-29 23:00:00,53
2367,2367,2023-07-30 00:00:00,22
2368,2368,2023-07-30 01:00:00,13
2369,2369,2023-07-30 02:00:00,9
2370,2370,2023-07-30 03:00:00,3
2371,2371,2023-07-30 04:00:00,2
2372,2372,2023-07-30 05:00:00,2
2373,2373,2023-07-30 06:00:00,4
2374,2374,2023-07-30 07:00:00,22
2375,2375,2023-07-30 08:00:00,16
2376,2376,2023-07-30 09:00:00,29
2377,2377,2023-07-30 10:00:00,26
2378,2378,2023-07-30 11:00:00,32
2379,2379,2023-07-30 12:00:00,59
2380,2380,2023-07-30 13:00:00,51
2381,2381,2023-07-30 14:00:00,79
2382,2382,2023-07-30 15:00:00,114
2383,2383,2023-07-30 16:00:00,133
2384,2384,2023-07-30 17:00:00,89
2385,2385,2023-07-30 18:00:00,152
2386,2386,2023-07-30 19:00:00,121
2387,2387,2023-07-30 20:00:00,109
2388,2388,2023-07-30 21:00:00,104
2389,2389,2023-07-30 22:00:00,75
2390,2390,2023-07-30 23:00:00,35
2391,2391,2023-07-31 00:00:00,4
2392,2392,2023-07-31 01:00:00,1
2393,2393,2023-07-31 02:00:00,1
2394,2394,2023-07-31 03:00:00,0
2395,2395,2023-07-31 04:00:00,0
2396,2396,2023-07-31 05:00:00,13
2397,2397,2023-07-31 06:00:00,39
2398,2398,2023-07-31 07:00:00,44
2399,2399,2023-07-31 08:00:00,50
2400,2400,2023-07-31 09:00:00,47
2401,2401,2023-07-31 10:00:00,39
2402,2402,2023-07-31 11:00:00,25
2403,2403,2023-07-31 12:00:00,35
2404,2404,2023-07-31 13:00:00,52
2405,2405,2023-07-31 14:00:00,60
2406,2406,2023-07-31 15:00:00,45
2407,2407,2023-07-31 16:00:00,75
2408,2408,2023-07-31 17:00:00,53
2409,2409,2023-07-31 18:00:00,65
2410,2410,2023-07-31 19:00:00,112
2411,2411,2023-07-31 20:00:00,72
2412,2412,2023-07-31 21:00:00,80
2413,2413,2023-07-31 22:00:00,26
